"Species","CommonName_new","Status","Locality"
"parvidens"," Utah Prairie Dog","Threatened","Guyana, East Demerara-West Coast Berbice, ""Hyde Park, 30 miles [48 km] up the Demerara River."""
"cynocephalus"," Tasmanian Tiger","Endangered","Australia, Tasmania."
"fasciatus","Numbat","Endangered","Australia, Western Australia, Mt. Kokeby, south of Beverley."
"fasciatus"," Banded Hare Wallaby","Endangered","Australia, Western Australia, Mt. Kokeby, south of Beverley."
"viverrinus"," Eastern Native-Cat","Endangered","Australia, New South Wales, Sydney."
"apicalis","Dibbler","Endangered","Australia, SW Western Australia."
"longicaudata"," Long-Tailed Marsupial-Mouse","Endangered","Indonesia, Aru Islands, Wonumbai."
"laniger"," Eastern Jerboa Marsupial","Endangered","Australia, interior New South Wales."
"leucopus"," White-Footed Tamarin","Threatened","Australia, Tasmania."
"longicaudata"," Long-Tailed Marsupial-Mouse","Endangered","Australia, Western Australia."
"psammophila"," Large Desert Marsupial-Mouse","Endangered","Australia, Northern Territory, Lake Amadeus."
"tenuirostris"," Southern Planigale","Endangered","Australia, ""collected at Bourke or Wilcannia, New South Wales""."
"lagotis"," Rabbit Bandicoot","Endangered","Australia, Western Australia, Swan River."
"leucura"," Lesser Rabbit Bandicoot","Endangered","Undesignated; as the specimen was sent by the South Australian Museum's taxidermist to London, Thomas (1887<i>a</i>) thought it might have originated near Adelaide or in the northern part of South Australia, whence others in the same collection had come."
"ecaudatus"," Pig-Footed Bandicoot","Endangered","Australia, New South Wales, banks of Murray River, south of the junction with Murrumbridge River."
"bougainville"," Barred Bandicoot","Endangered","Australia, Western Australia, Shark Bay, Peron Peninsula."
"eremiana"," Desert Bandicoot","Endangered","Australia, Northern Territory, Burt Plain (N of Alice Springs)."
"cinereus","Koala","Threatened","Australia, New South Wales."
"parvus"," Mountain Pygmy Possum","Endangered","Australia, New South Wales, Taralga (fossil)."
"squamicaudata"," Scaly-Tailed Possum","Endangered","Australia, Western Australia, Wyndham."
"cinereus","Koala","Threatened","Australia, Queensland, Mt. Spurgeon."
"larvatus"," Proboscis Monkey","Endangered","Papua New Guinea, Huon Peninsula, Rawlinson Mtns."
"leadbeateri"," Leadbeater'S Possum","Endangered","Australia, Victoria, Bass River."
"australis"," Southern Right Whale","Endangered","Australia, New South Wales, Sydney."
"pygmaeus"," Lesser Slow Loris","Threatened","Australia, New South Wales, Sydney."
"pygmaeus","Orangutan","Endangered","Australia, New South Wales, Sydney."
"gaimardi"," Gaimard'S Rat-Kangaroo","Endangered","Australia, New South Wales, Port Jackson."
"lesueur"," Lesuer'S Rat-Kangaroo","Endangered","Australia, Western Australia, Dirk Hartog Isl (Shark Bay)."
"penicillata"," Brush-Tailed Rat-Kangaroo","Endangered","Australia, New South Wales."
"tropica"," Queensland Rat-Kangaroo","Endangered","Australia, Queensland, Mt. Spurgeon."
"campestris"," Desert (=Plain) Rat-Kangaroo","Endangered","Australia, South Australia."
"fasciatus","Numbat","Endangered","Australia, Western Australia, Bernier Isl (Shark Bay)."
"fasciatus"," Banded Hare Wallaby","Endangered","Australia, Western Australia, Bernier Isl (Shark Bay)."
"hirsutus"," Western Hare Wallaby","Endangered","Australia, Western Australia, York district."
"parma"," Parma Wallaby","Endangered","Australia, New South Wales."
"robustus"," Gray [Western North Pacific Dps] Whale","Endangered","Australia, New South Wales, interior (summit of mountains)."
"rufus"," Red Wolf","Endangered","Australia, New South Wales, Blue Mtns."
"rufus"," Red Wolf","XN","Australia, New South Wales, Blue Mtns."
"fraenata"," Brindled Nail-Tailed Wallaby","Endangered","Australia, New South Wales, interior."
"lunata"," Crescent Nail-Tailed Wallaby","Endangered","Australia, Western Australia, coast."
"penicillata"," Brush-Tailed Rat-Kangaroo","Endangered","Australia, New South Wales, Sydney."
"xanthopus"," Yellow-Footed Rock Wallaby","Endangered","Australia, South Australia, Flinders Range."
"brachyurus","Quokka","Endangered","Australia, Western Australia, King George Sound (Albany)."
"brachyurus"," Maned Wolf","Endangered","Australia, Western Australia, King George Sound (Albany)."
"bicolor"," Pied Tamarin","Endangered","Unknown."
"longicaudata"," Long-Tailed Marsupial-Mouse","Endangered","Ankfana forest, E Betsileo, Madagascar [Ankafina, Fianarantsoa, Fianarantsoa Province, 2112S 4712E (see MacPhee, 1987; Carleton and Schmidt, 1990)]."
"ecaudatus"," Pig-Footed Bandicoot","Endangered","Madagascar."
"maximus"," Giant Armadillo","Endangered","""Zeylonae"" [Sri Lanka]."
"maximus"," Asian Elephant","Endangered","""Zeylonae"" [Sri Lanka]."
"africana"," African Elephant","Threatened","Restricted to the Orange River, South Africa by Pohle (1926; see Allen, 1939)."
"dugon","Dugong","Endangered","Cape of Good Hope to the Philippines."
"inunguis"," Amazonian Manatee","Endangered","Brazil, Amazonas, Rio Madeira, Borba."
"manatus"," West Indian Manatee","Threatened","""Mari Americano""; restricted by Thomas (1911<i>a</i>) to ""West Indies."""
"senegalensis"," West African Manatee","Threatened","Senegal"
"truncatus"," Pink Fairy Armadillo","Endangered","""Mendoza . . . interior of Chili, on the east of the Cordilleras, in lat. 3325' and long. 6947', in the province of Cuyo;"" restricted to Ro Tunuyn, 3325'S, 6945'W, Mendoza, Argentina, by Cabrera (1958)."
"maximus"," Giant Armadillo","Endangered","French Guiana, ""Cayenne."""
"maximus"," Asian Elephant","Endangered","French Guiana, ""Cayenne."""
"pygmaeus"," Lesser Slow Loris","Threatened","Panam, Bocas del Toro, ""Isla Escudo de Veraguas, West Point."""
"pygmaeus","Orangutan","Endangered","Panam, Bocas del Toro, ""Isla Escudo de Veraguas, West Point."""
"torquatus"," White-Collared Mangabey","Endangered","""Brasilia;"" restricted to the Atlantic drainage of the Brazilian states of Bahia, Esprito Santo, and Rio de Janeiro, by Wetzel and Avila-Pires (1980)."
"torquatus"," Brazilian Three-Toed Sloth","Endangered","""Brasilia;"" restricted to the Atlantic drainage of the Brazilian states of Bahia, Esprito Santo, and Rio de Janeiro, by Wetzel and Avila-Pires (1980)."
"rufus"," Red Wolf","Endangered","Madagascar."
"rufus"," Red Wolf","XN","Madagascar."
"rufus"," Red Wolf","Endangered","Madagascar."
"rufus"," Red Wolf","XN","Madagascar."
"occidentalis"," Western Mouse","Endangered","North and West of Madagascar."
"leucopus"," White-Footed Tamarin","Threatened","Madagascar, Fort Dauphin (Bevilany)."
"septentrionalis"," Northern Long-Eared Bat","Threatened","Madagascar, Sahafary Forest."
"laniger"," Eastern Jerboa Marsupial","Endangered","Madagascar."
"occidentalis"," Western Mouse","Endangered","Madagascar, Ambondrobe, NE of Bombetoka Bay, ca. 1538S, 4624E (according to lectotype selection by Thalmann and Geissmann, 2000)."
"madagascariensis","Aye-aye","Endangered","NW Madagascar."
"pygmaeus"," Lesser Slow Loris","Threatened","Vietnam, Nhatrang."
"pygmaeus","Orangutan","Endangered","Vietnam, Nhatrang."
"senegalensis"," West African Manatee","Threatened","Senegal."
"syrichta"," Philippine Tarsier","Threatened","Philippine Isls, Samar Isl."
"goeldii"," Goeldi'S Marmoset","Endangered","Brazil, Acre, Rio Yaco."
"flaviceps"," Buff-Headed Marmoset","Endangered","Brazil, Rive, Esprito Santo."
"penicillata"," Brush-Tailed Rat-Kangaroo","Endangered","Brazil, Lamaro, Bahia."
"bicolor"," Pied Tamarin","Endangered","Brazil, Manaus, Barra de Rio Negro."
"leucopus"," White-Footed Tamarin","Threatened","Colombia, Antioquia, Medellin."
"oedipus"," Cotton-Top Marmoset","Endangered","Colombia, Bolivar, lower Rio Sinu."
"oerstedii"," Red-Backed Squirrel Monkey","Endangered","Panama, Chiriqu, vicinity of David."
"torquatus"," White-Collared Mangabey","Endangered","Brazil, Codajs, north bank of Rio Solimes."
"torquatus"," Brazilian Three-Toed Sloth","Endangered","Brazil, Codajs, north bank of Rio Solimes."
"albinasus"," White-Nosed Saki","Endangered","Brazil, Par, Santarm."
"satanas"," Black Colobus Monkey","Endangered","Brazil, Par, lower Rio Tocantins, Camet."
"monachus"," Mediterranean Monk Seal","Endangered","Brazil, left bank of Rio Solimes between Tabatinga and Rio Tocantins."
"palliata"," Mantled Howler Monkey","Endangered","Nicaragua, Lake Nicaragua."
"pigra"," Black Howler Monkey","Threatened","Guatemala, Petn, Uaxactun."
"paniscus"," Pygmy Chimpanzee","Endangered","French Guiana."
"arachnoides"," Woolly Spider Monkey","Endangered","Brazil, Rio de Janeiro."
"flavicauda"," Yellow-Tailed Woolly Monkey","Endangered","Peru, San Martin, Puca Tambo, 5100 ft. (1555 m)."
"torquatus"," White-Collared Mangabey","Endangered","West Africa."
"torquatus"," Brazilian Three-Toed Sloth","Endangered","West Africa."
"diana"," Diana Monkey","Endangered","Liberia."
"erythrogaster"," Red-Bellied Monkey","Endangered","""West Africa""; restricted by Groves (2001<i>c</i>:214) to Benin, Lama Forest."
"erythrotis"," Red-Eared Nose-Spotted Monkey","Endangered","Equatorial Guinea, Bioko."
"lhoesti"," L'Hoest'S Monkey","Endangered","Dem. Rep. Congo, Tschepo River, near Stanleyville."
"arctoides"," Stump-Tailed Macaque","Threatened","""Cochin-China"" (Indochina)."
"cyclopis"," Formosan Rock Macaque","Threatened","Taiwan, Jusan, Takao Pref."
"fuscata"," Japanese Macaque","Threatened","Japan."
"silenus"," Lion-Tailed Macaque","Endangered","""Ceylon"" India, Western Ghats; see Osman Hill (1974:652)."
"sinica"," Toque Macaque","Threatened","Probably Sri Lanka; see Fooden (1979)."
"cynocephalus"," Tasmanian Tiger","Endangered","Kenya, inland from Mombasa."
"gelada"," Gelada Baboon","Threatened","Ethiopia, Semyen (Simien)."
"satanas"," Black Colobus Monkey","Endangered","Equatorial Guinea, Bioko."
"larvatus"," Proboscis Monkey","Endangered","Indonesia, W Kalimantan, Pontianak."
"potenziani"," Long-Tailed Langur","Threatened","Indonesia, W Sumatra, Sipora Isl."
"nemaeus"," Douc Langur","Endangered","Cochin-China (Indo-China)."
"nigripes"," Black-Footed Cat","Endangered","Vietnam, Saigon."
"nigripes"," Black-Footed Ferret","Endangered","Vietnam, Saigon."
"nigripes"," Black-Footed Ferret","XN","Vietnam, Saigon."
"avunculus"," Tonkin Snub-Nosed Monkey","Endangered","Vietnam, Songkoi River, Yen Bay."
"bieti"," Yunnan Snub-Nosed Monkey","Endangered","China, Yunnan, left bank of upper Mekong, Kiape, 2825'N, 9855'E, ""a day's journey south of Atentse."""
"brelichi"," Guizhou Snub-Nosed Monkey","Endangered","China, N Kweichow, Van Gin Shan Range."
"roxellana"," Sichuan Snub-Nosed Monkey","Endangered","China, Sichuan, Moupin (= Baoxing, 3026'N, 10250'E)."
"concolor"," Pagi Island Langur","Endangered","Indonesia, W Sumatra, S Pagai Isl."
"shortridgei"," Shortridge'S Mouse","Endangered","Burma, Homalin (upper Chindwin)."
"concolor"," Pagi Island Langur","Endangered","Vietnam, Tonkin."
"syndactylus","Siamang","Endangered","Indonesia, W Sumatra, Bengkeulen."
"gorilla","Gorilla","Endangered","Gabon, Gabon Estuary, Mpongwe country."
"paniscus"," Pygmy Chimpanzee","Endangered","Dem. Rep. Congo, south of the upper Maringa River, 30 km south of Befale."
"troglodytes","Chimpanzee","Endangered","Gabon, Mayoumba."
"pygmaeus"," Lesser Slow Loris","Threatened","Indonesia, Kalimantan, Landak River."
"pygmaeus","Orangutan","Endangered","Indonesia, Kalimantan, Landak River."
"bicolor"," Pied Tamarin","Endangered","Indonesia, W Java, Anjer."
"cinereus","Koala","Threatened","""Gilgit [Valley],...about 6000 feet"" [Pakistan, 1829 m]."
"nigripes"," Black-Footed Cat","Endangered","""Puerta Princesa, Palawan"" [Philippines]."
"nigripes"," Black-Footed Ferret","Endangered","""Puerta Princesa, Palawan"" [Philippines]."
"nigripes"," Black-Footed Ferret","XN","""Puerta Princesa, Palawan"" [Philippines]."
"jentinki"," Jentink'S Duiker","Endangered","""Mount Kina-Balu,"" [Sabah, Malaysia]."
"maritimus"," Polar Bear","Threatened","""Foochow, province of Fokien"" [Fukien, China]."
"mexicanus"," Mexican Prairie Dog","Endangered","""La Ventura, Coahuila, Mexico."""
"parvidens"," Utah Prairie Dog","Threatened","USA, ""Buckskin Valley, Iron County, Utah."""
"vancouverensis"," Vancouver Island Marmot","Endangered","""Mt. Douglas (altitude 4,200 feet [1280 m]), twenty miles [32 km] south of Alberni, Vancouver Island, British Columbia"" [Canada]."
"mexicanus"," Mexican Prairie Dog","Endangered","""in nova Hispania?"" Restricted by Mearns (1896:443) to ""Toluca, [Mexico,] Mexico."""
"pygmaeus"," Lesser Slow Loris","Threatened","""Maximos et paene dixerim monstrosos Citills passim ad inferiorum laikum in campis squalidis."" Restricted by Ognev (1963<i>a</i>:102) to ""lower reaches of the Ural River"" ""Indersk [Kazakhstan]""."
"pygmaeus","Orangutan","Endangered","""Maximos et paene dixerim monstrosos Citills passim ad inferiorum laikum in campis squalidis."" Restricted by Ognev (1963<i>a</i>:102) to ""lower reaches of the Ural River"" ""Indersk [Kazakhstan]""."
"alpinus","Dhole","Endangered","""Big Cottonwood Meadows, ... just south of Mount Whitney, altitude 3,050 meters or 10,000 feet"" [Tulare Co., California, USA]."
"rufus"," Red Wolf","Endangered","USA, ""10 mi SW Page, Coconino County, Arizona""."
"rufus"," Red Wolf","XN","USA, ""10 mi SW Page, Coconino County, Arizona""."
"senex"," Purple-Faced Langur","Threatened","""Summit of Donner Pass, Placer Co., Cal[ifornia, USA]."""
"laniger"," Eastern Jerboa Marsupial","Endangered","Turkey, Antalya Prov., 20 km SSE Elmali, Bey Mtns, Ciglikara, 2000 m"
"canadensis"," Canada [Contiguous U.S. Dps] Lynx","Threatened","Canada, Hudson Bay."
"ingens"," Giant Kangaroo Rat","Endangered","USA, California, San Luis Obispo Co., Carrizo Plain, Painted Rock, 20 [=25.5] mi (32 km) SE of Simmler."
"australis"," Southern Right Whale","Endangered","Ecuador, Esmeraldas Prov., Cachabi River, San Javier, below Cachabi."
"pictus"," African Wild Dog","Endangered","Mexico, Jalisco, San Sebastian, 4,300 ft. (1,311 m)."
"hispidus"," Hispid Hare","Endangered","Mexico, Tamaulipas, Charco Escondido."
"fasciatus","Numbat","Endangered","USA, North Dakota, Williams Co., upper Missouri River near jct. with the Yellowstone, near Buford."
"fasciatus"," Banded Hare Wallaby","Endangered","USA, North Dakota, Williams Co., upper Missouri River near jct. with the Yellowstone, near Buford."
"parvus"," Mountain Pygmy Possum","Endangered","USA, Oregon, Wasco Co., probably near The Dalles."
"hispidus"," Hispid Hare","Endangered","Mexico (restricted to Veracruz, near Jalapa, by Merriam, 1895<i>a</i>)."
"idahoensis"," Columbia Basin Pygmy [Columbia Basin Dps] Rabbit","Endangered","USA, Idaho, Clark Co., Birch Creek (10 mi [16 km] S Nicholia [Lemhi Co.], about 6,400 ft. [1940 m])."
"paradoxus"," Haitian Solenodon","Endangered","China, NW Gansu, Nan Shan, Shargol-Dzhin."
"concolor"," Pagi Island Langur","Endangered","China, Gansu, N slope of the mountains of Xining, Guiduisha."
"cinereus","Koala","Threatened","China, W Fujian."
"sumatrensis"," Sumatran Rhinoceros","Endangered","Malaysia, Malacca."
"campestris"," Desert (=Plain) Rat-Kangaroo","Endangered","Mozambique, Tete Dist., Zambezi River, Tete."
"parvus"," Mountain Pygmy Possum","Endangered","Ethiopia, northern shore Lake Turkana, Rusia (see Yalden et al., 1996)."
"ingens"," Giant Kangaroo Rat","Endangered","Madagascar, Mahajanga Prov., Ankarafantsika Reserve, near Ampijoroa."
"rufus"," Red Wolf","Endangered","Madagascar, Antsiranana Prov., Vohima."
"rufus"," Red Wolf","XN","Madagascar, Antsiranana Prov., Vohima."
"shortridgei"," Shortridge'S Mouse","Endangered","Extreme S Angola, Ruacana Falls, 3350 ft (1021 m)."
"nivalis"," Mexican Long-Nosed Bat","Endangered","Switzerland, Berner Oberland, Faulhorn."
"torquatus"," White-Collared Mangabey","Endangered","Russia, Siberia, mouth of Ob River."
"torquatus"," Brazilian Three-Toed Sloth","Endangered","Russia, Siberia, mouth of Ob River."
"przewalskii"," Przewalski'S Horse","Endangered","China, Qinghai, Tsaidam region, shore of Iche-zaidemin Nor."
"clarkei"," Clark'S Gazelle","Endangered","China, Yunnan, divide between the Kuikiang and Salween Rivers, 11,000 ft (3353 m); 28N."
"mexicanus"," Mexican Prairie Dog","Endangered","Mxico, Puebla, Volcn de Orizaba."
"borealis"," Sei Whale","Endangered","Canada, District of Mackenzie, Great Bear Lake, Fort Franklin."
"musculus"," Blue Whale","Endangered","Mxico, Colima, Colima."
"leucopus"," White-Footed Tamarin","Threatened","USA, Kentucky, Ballard Co., near mouth of Ohio River (as restricted by Osgood, 1909:115-116)."
"mexicanus"," Mexican Prairie Dog","Endangered","Mxico, Veracruz, 10 km E Mirador (as restricted by Dalquest, 1950:8)."
"floridanus"," Florida Bonneted Bat","Endangered","USA, Florida, Alachua Co., Gainesville."
"hirsutus"," Western Hare Wallaby","Endangered","Mxico, Jalisco, Ameca, 4000 ft (1219 m)."
"mexicanus"," Mexican Prairie Dog","Endangered","Mxico, Veracruz, Mirador (as restricted by Hooper, 1952:140)."
"paradoxus"," Haitian Solenodon","Endangered","Nicaragua, Carazo Dept., 3 mi (5 km) NNW Diriamba, about 660 m."
"raviventris"," Salt Marsh Harvest Mouse","Endangered","USA, California, San Mateo Co., Redwood City."
"tenuirostris"," Southern Planigale","Endangered","Guatemala, Huehuetenango Dept., Todos Santos, 10,000 ft (3048 m)."
"fumeus"," Smoky Mouse","Endangered","Bolivia, Cochabamba Dept., Ro Secure, El Choro, 3500 m."
"pictus"," African Wild Dog","Endangered","Per, Junn Dept., Junn, 13,700 ft (4176 m)."
"brasiliensis"," Giant Otter","Endangered","Brazil, Minas Gerais State, Lagoa Santa (as restricted by Hershkovitz, 1955<i>a</i>:662)."
"apicalis","Dibbler","Endangered","Per, Puno Dept., Valley of Ro Inambari, Santo Domingo Mine, 6000 ft (1830 m)."
"pictus"," African Wild Dog","Endangered","Panam, Darin Prov., Cana, 1800 ft (549 m)."
"bicolor"," Pied Tamarin","Endangered","Ecuador, Morona-Santiago Prov., Gualaquiza, Ro Gualaquiza, 885 m."
"concolor"," Pagi Island Langur","Endangered","Brazil, Amazonas State, Rio Curicuriari, a tributary of the upper Rio Negro, below So Gabriel."
"nigripes"," Black-Footed Cat","Endangered","Paraguay, Paraguar Dept., Ybycui National Park, 85 km SSE Atyra (as restricted by neotype designation by Myers and Carleton, 1981:14)."
"nigripes"," Black-Footed Ferret","Endangered","Paraguay, Paraguar Dept., Ybycui National Park, 85 km SSE Atyra (as restricted by neotype designation by Myers and Carleton, 1981:14)."
"nigripes"," Black-Footed Ferret","XN","Paraguay, Paraguar Dept., Ybycui National Park, 85 km SSE Atyra (as restricted by neotype designation by Myers and Carleton, 1981:14)."
"hispidus"," Hispid Hare","Endangered","Brazil, Bahia State, Bahia."
"rufus"," Red Wolf","Endangered","Argentina, Entre Ros Prov., 32.5S latitude along lower Ro Paran (as restricted by Hershkovitz, 1994:36, but see comments)."
"rufus"," Red Wolf","XN","Argentina, Entre Ros Prov., 32.5S latitude along lower Ro Paran (as restricted by Hershkovitz, 1994:36, but see comments)."
"auritus"," Large-Eared Hutia","Endangered","Argentina, Buenos Aires Prov., pampas south of Buenos Aires, south bank of the Ro de la Plata (as restricted by Hershkovitz, 1959<i>a</i>:349)."
"mexicanus"," Mexican Prairie Dog","Endangered","Mxico, Oaxaca State, Miahuatln Dist., San Jos Lachiguir, 4000 ft (1219 m)."
"hispidus"," Hispid Hare","Endangered","USA, Florida, St. Johns River."
"cinereus","Koala","Threatened","Per, Cajamarca Dept., Cutervo, 9200 ft (2804 m)."
"laniger"," Eastern Jerboa Marsupial","Endangered","Colombia, Cundinamarca Dept., Bogot Region, 8750 ft (2667 m)."
"subspinosus"," Thin-Spined Porcupine","Endangered","South Africa, Western Cape Province, Cape of Good Hope."
"przewalskii"," Przewalski'S Horse","Endangered","China, Xinjiang, Lob Nor."
"campestris"," Desert (=Plain) Rat-Kangaroo","Endangered","Algeria, Constantine Province, Philipeville."
"robustus"," Gray [Western North Pacific Dps] Whale","Endangered","Sudan, Ambukol."
"mindorensis","Tamaraw","Endangered","Philippines, Mindoro Isl, Halcon Range, Ilong Peak, 4500 ft (1370 m)."
"musculus"," Blue Whale","Endangered","Philippines, Luzon Isl, Benguet, Baguio, Camp John Hay, 5000 ft (1524 m)."
"mindorensis","Tamaraw","Endangered","Philipines, Mindoro Isl, 3 mi (5 km) SSE of San Jose (Central), 200 ft (61 m)."
"australis"," Southern Right Whale","Endangered","Philippines, Surigao del Norte Province, Dinagat Isl, Loreto Municipality, Balitbiton."
"leucura"," Lesser Rabbit Bandicoot","Endangered","Indonesia, Sulawesi, NE tip of N peninsula, Manado (= Menado), 01E30'N/124E50'E, coastal plain near sea level (as restricted by Tate, 1936:586)."
"parvus"," Mountain Pygmy Possum","Endangered","Gabon, Belinga, 800 m."
"apicalis","Dibbler","Endangered","Australia, South Australia; see Mahoney and Richardson (1988:159)."
"conditor"," Stick-Nest Rat","Endangered","Australia, New South Wales, Polia area, about 45 miles (72 km) from Laidley Ponds; see Mahoney and Richardson (1988:160)."
"parvus"," Mountain Pygmy Possum","Endangered","Indonesia, C Sulawesi, Gunung Nokilalaki, 7400 ft (2256 m)."
"shortridgei"," Shortridge'S Mouse","Endangered","N Namibia, Grootfontein Dist., Okavango-Omatako junction."
"bougainville"," Barred Bandicoot","Endangered","Solomon Isls, Bougainville Isl, Buin."
"gouldii"," Gould'S Mouse","Endangered","Australia, Northern Territory, Port Essington; see details in Mahoney and Richardson (1988:163)."
"musculus"," Blue Whale","Endangered","Sweden, Uppsala County, Uppsala."
"shortridgei"," Shortridge'S Mouse","Endangered","Burma, Mt Popa, 4961 ft (1512 m)."
"aquilo"," Australian Native Mouse","Endangered","Australia, Queensland, Cape York."
"parvus"," Mountain Pygmy Possum","Endangered","Malay Peninsula, Selangor, Bukit Kutu, near Kuala Kubu, 3,400 ft (1035 m)."
"occidentalis"," Western Mouse","Endangered","New Guinea, Prov. of Papua (= Irian Jaya), north of Mt Wilhelmina, Snow Mtns (Pegunungan Maoke), Lake Habbema, 3225 m."
"australis"," Southern Right Whale","Endangered","Australia, New South Wales, SW side of Liverpool Plains; see Mahoney and Richardson (1988:172)."
"fieldi"," Field'S Mouse","Endangered","Australia, S Northern Territory, Alice Springs."
"fumeus"," Smoky Mouse","Endangered","Australia, Victoria, Turton's Pass, Otway Forest."
"gouldii"," Gould'S Mouse","Endangered","Australia, New South Wales, north of Hunter River (as restricted by Thomas lectotype designation; see Mahoney and Richardson, 1988:175)."
"novaehollandiae"," New Holland Mouse","Endangered","Australia, New South Wales, upper Hunter River, Yarrundi (as restricted by Thomas lectotype designation; see Mahoney and Richardson, 1988:178)."
"occidentalis"," Western Mouse","Endangered","Australia, Western Australia, Tambellup."
"shortridgei"," Shortridge'S Mouse","Endangered","Australia, SW Western Australia, neighborhood of Woyerling Reserve, 973 ft (297 m); additional information in Mahoney and Richardson (1988:180)."
"leucopus"," White-Footed Tamarin","Threatened","Australia, Queensland, Cape York (as restricted by Thomas lectotype selection; see Mahoney and Richardson, 1988:183)."
"mindorensis","Tamaraw","Endangered","Philippines, Mindoro Isl, Mt Dulangan, 5000 ft (1524 m)."
"shortridgei"," Shortridge'S Mouse","Endangered","South Africa, Western Cape Province, Louisvale, S bank of Orange River."
"myoides"," False Water Rat","Endangered","Australia, Queensland, Mackay."
"pedunculatus"," Australian Native Mouse","Endangered","Australia, Northern Territory, Alice Springs, but this locality is suspect (Kitchener, 1989; see also Mahoney and Richardson, 1988:191)."
"maximus"," Giant Armadillo","Endangered","Zambia, Machile River, a northern tributary of the Zambezi (1725Ac quadrant as restricted by Davis, 1974:173)."
"maximus"," Asian Elephant","Endangered","Zambia, Machile River, a northern tributary of the Zambezi (1725Ac quadrant as restricted by Davis, 1974:173)."
"occidentalis"," Western Mouse","Endangered","Nigeria, Gotel Mountains, Chappal Waddi."
"africanus"," African Wild Ass","Endangered","Sierra Leone."
"subspinosus"," Thin-Spined Porcupine","Endangered","Brazil, N Bahia, Salvador."
"bicolor"," Pied Tamarin","Endangered","Peru, Junn Debt., between Tulumayo and Chanchamayo Rivers."
"mexicanus"," Mexican Prairie Dog","Endangered","Mexico, in the mountains."
"maximus"," Giant Armadillo","Endangered","Unknown; possibly from pampas of Buenos Aires, Argentina; see Cabrera (1961)."
"maximus"," Asian Elephant","Endangered","Unknown; possibly from pampas of Buenos Aires, Argentina; see Cabrera (1961)."
"australis"," Southern Right Whale","Endangered","Argentina, Pategonia, vicinity of the lower part of the Rio Negro."
"australis"," Southern Right Whale","Endangered","Argentina, Buenos Aires Prov."
"brasiliensis"," Giant Otter","Endangered","Brazil, Minas Gerais."
"torquatus"," White-Collared Mangabey","Endangered","Brazil, S provinces, and banks of Uruguay River. See Moojen (1952:188)."
"torquatus"," Brazilian Three-Toed Sloth","Endangered","Brazil, S provinces, and banks of Uruguay River. See Moojen (1952:188)."
"pictus"," African Wild Dog","Endangered","Brazil, Bahia."
"brasiliensis"," Giant Otter","Endangered","Brazil, Minas Gerais, cave (Lapa das Quatro Bocas) near Lagos Santa."
"hispidus"," Hispid Hare","Endangered","Brazil, Amap (see comments)."
"cuvieri"," Mountain (=Cuvier'S) Gazelle","Endangered","French Guiana, Saul."
"goeldii"," Goeldi'S Marmoset","Endangered","Brazil, Par, Santarem."
"angelcabrerai"," Cabrera'S Hutia","Endangered","Cuba, Ciego de Avila Prov., Cayos de Ana Maria (21<sup>o</sup>30N, 78<sup>o</sup>40W)."
"auritus"," Large-Eared Hutia","Endangered","Cuba, Las Villas Prov., Archipilago de Sabana, Cayo Fragoso (22<sup>o</sup>41N, 79<sup>o</sup>27W)."
"sanfelipensis"," Little Earth Hutia","Endangered","Cuba, Pinar del Rio Prov., Archipilago de los Canarreos, Cayo Juan Garcia (21<sup>o</sup>59N, 83<sup>o</sup>31W)."
"erythrotis"," Red-Eared Nose-Spotted Monkey","Endangered","Not specified; restricted by Allen (1938:535) to ""Burchan-Budda"", East Tibet, China."
"idahoensis"," Columbia Basin Pygmy [Columbia Basin Dps] Rabbit","Endangered","""Pahsimeroi Valley [near Goldburg, Custer County], Idaho."" [USA]."
"hispidus"," Hispid Hare","Endangered","""...Assam, ...base of the Boutan [Bhutan] mountains"" [India]."
"brachyurus","Quokka","Endangered","""...tout l'Empire mais surtout dans l'le de Jezo"", Nagasaki, Kyushu, Japan."
"brachyurus"," Maned Wolf","Endangered","""...tout l'Empire mais surtout dans l'le de Jezo"", Nagasaki, Kyushu, Japan."
"furnessi"," Ryukyu Rabbit","Endangered","""Liu Kiu Islands"" [Amami-Oshima, Ryukyu Isls, Japan]."
"diazi"," Volcano Rabbit","Endangered","""near San Martn Texmelusn, northeastern slope of Volcn Iztacchuatl [Ixtacchuatl, Puebla], Mexico."""
"brasiliensis"," Giant Otter","Endangered","""in America meridionali""; type locality restricted by Thomas (1911<i>a</i>), to Pernambuco, Brazil."
"floridanus"," Florida Bonneted Bat","Endangered","""Sebastian River, Brevard Co.,"" [Florida, USA]."
"robustus"," Gray [Western North Pacific Dps] Whale","Endangered","""...from Davis Mountains, Texas, 6,000 feet altitude."" [USA; 1829 m]"
"concolor"," Pagi Island Langur","Endangered","Turkey, near Trabzon."
"auritus"," Large-Eared Hutia","Endangered","S Russia, ""in regione Astrachanensi"", (= Astrakhan, 4621'N, 4803'E)."
"parvus"," Mountain Pygmy Possum","Endangered","Indonesia, W Sumatra, Mt. Kerinchi."
"cubanus"," Cuban Solenodon","Endangered","Cuba, Oriente Prov., Bayamo."
"paradoxus"," Haitian Solenodon","Endangered","Dominican Republic (Hispaniola), Port-au-Prince (Baranova et al., 1981:4)."
"nana"," Dwarf Hutia","Endangered","Somalia, Dollo."
"nigripes"," Black-Footed Cat","Endangered","Indonesia, Sulawesi, Temboan, SW from Tondano Lake."
"nigripes"," Black-Footed Ferret","Endangered","Indonesia, Sulawesi, Temboan, SW from Tondano Lake."
"nigripes"," Black-Footed Ferret","XN","Indonesia, Sulawesi, Temboan, SW from Tondano Lake."
"madagascariensis","Aye-aye","Endangered","Madagascar, Nossi-B."
"alpinus","Dhole","Endangered","Switzerland, Canton Uri, St. Gotthard Pass."
"cinereus","Koala","Threatened","Canada, Ontario, Fort Severn."
"fumeus"," Smoky Mouse","Endangered","USA, ""Peterboro [Madison Co.], New York."""
"parvidens"," Utah Prairie Dog","Threatened","Vietnam, Di Linh, Blao Forest Station."
"tokudae"," Little Mariana Fruit Bat","Endangered","Japan, Sado Isl."
"leucura"," Lesser Rabbit Bandicoot","Endangered","India, Assam, Khasi Hills, Cherrapunji."
"occidentalis"," Western Mouse","Endangered","C Spain, Guadarrama Mtns, 1200-1300 m, ""La Granja, Segovia""."
"jubatus","Cheetah","Endangered","Philippines, Luzon, Manila."
"jubatus"," Steller [Western Dps] Sea Lion","Endangered","Philippines, Luzon, Manila."
"bulmerae"," Bulmer'S Fruit (Flying Fox) Bat","Endangered","Papua New Guinea, Chimbu Prov., 2 km SE Chuave Govt. Sta., 1,530 m."
"ecaudatus"," Pig-Footed Bandicoot","Endangered","Indonesia, W Sumatra, Padang."
"rodricensis"," Rodrigues Fruit (Flying Fox) Bat","Endangered","Mascarene Isls, Rodrigues."
"rufus"," Red Wolf","Endangered","Madagascar. Restricted to ""N. and C. Madagascar"" by K. Andersen (1908)."
"rufus"," Red Wolf","XN","Madagascar. Restricted to ""N. and C. Madagascar"" by K. Andersen (1908)."
"tokudae"," Little Mariana Fruit Bat","Endangered","Mariana Isls, Guam (USA)."
"madagascariensis","Aye-aye","Endangered","Madagascar, Beforona (between Tananarive [= Antananarivo] and Andevoranto)."
"australis"," Southern Right Whale","Endangered","Australia, Queensland, Rockhampton."
"rufus"," Red Wolf","Endangered","Philippines, Luzon, Manila."
"rufus"," Red Wolf","XN","Philippines, Luzon, Manila."
"shortridgei"," Shortridge'S Mouse","Endangered","Burma, Irrawaddy River, Pagan (= Bagan)."
"bicolor"," Pied Tamarin","Endangered","Indonesia, Java, Anjer coast. Lectotype designated and type locality restricted by Tate (1941)."
"larvatus"," Proboscis Monkey","Endangered","Indonesia, Java."
"pygmaeus"," Lesser Slow Loris","Threatened","Philippines."
"pygmaeus","Orangutan","Endangered","Philippines."
"ridleyi"," Singapore Roundleaf Horseshoe Bat","Endangered","Singapore, Botanic Gardens."
"auritus"," Large-Eared Hutia","Endangered","Madagascar, near Digo-Suarez (=Antsiranana)."
"rufus"," Red Wolf","Endangered","E Madagascar."
"rufus"," Red Wolf","XN","E Madagascar."
"thonglongyai"," Bumblebee Bat","Endangered","Thailand, Kanchanaburi, Ban Sai Yoke (= Yok), cave near Forestry Station (1426'N, 9851'E)."
"australis"," Southern Right Whale","Endangered","Australia, Queensland, Albany Isl (off Cape York)."
"ingens"," Giant Kangaroo Rat","Endangered","Colombia, Caqueta, Ro Putumayo, Puerto Leguizamo."
"madagascariensis","Aye-aye","Endangered","Madagascar, N of Ankarana, Vall de la Rodo (= Irodo), 1205S, 4905E."
"nana"," Dwarf Hutia","Endangered","Equatorial Guinea, Rio Muni, Benito River."
"nana"," Dwarf Hutia","Endangered","Cuba, Pinar del Ro, El Guama."
"nivalis"," Mexican Long-Nosed Bat","Endangered","Mexico, Veracruz, Mt. Orizaba."
"auritus"," Large-Eared Hutia","Endangered","Mexico. The type locality was incorrectly changed to Brazil, Santa Catarina, by Carter and Dolan (1978), see remarks in Medellin (1989)."
"nana"," Dwarf Hutia","Endangered","Peru, Ayacucho, Huanhuachayo, 1,660 m."
"cinereus","Koala","Threatened","Brazil, Par, Belem."
"concolor"," Pagi Island Langur","Endangered","Surinam, Paramaribo."
"hirsutus"," Western Hare Wallaby","Endangered","Mexico, Michoacan, La Salada."
"senex"," Purple-Faced Langur","Threatened","Nicaragua, Chinandega, Realejo."
"shortridgei"," Shortridge'S Mouse","Endangered","Namibia, NW Ovamboland, Ukualukasi, 3400 ft. (1100 m)."
"parvidens"," Utah Prairie Dog","Threatened","Indonesia, Sulawesi, Middle Sulawesi, Pinedapa."
"torquatus"," White-Collared Mangabey","Endangered","Malaysia, Penang."
"torquatus"," Brazilian Three-Toed Sloth","Endangered","Malaysia, Penang."
"mexicanus"," Mexican Prairie Dog","Endangered","Mexico, Jalisco, 7.5 mi (20 km) SE Tecomate, 1,500 ft. (500 m)."
"rufus"," Red Wolf","Endangered","French Guiana, Cayenne by restriction (Miller, 1913<i>b</i>)."
"rufus"," Red Wolf","XN","French Guiana, Cayenne by restriction (Miller, 1913<i>b</i>)."
"madagascariensis","Aye-aye","Endangered","Madagascar, S of Soalala, Namoroka, Rserve naturelle intgrale (no. 8), 1623S, 4528E."
"australis"," Southern Right Whale","Endangered","Australia, New South Wales."
"brasiliensis"," Giant Otter","Endangered","Brazil, Paran, Curitiba (= Curityba)."
"torquatus"," White-Collared Mangabey","Endangered","Taiwan, Taichung County, Wu-ling Farm; 1,800 m; 2424'N, 12118'E."
"torquatus"," Brazilian Three-Toed Sloth","Endangered","Taiwan, Taichung County, Wu-ling Farm; 1,800 m; 2424'N, 12118'E."
"brasiliensis"," Giant Otter","Endangered","Brazil, Goias (restricted by Cabrera, 1957)."
"borealis"," Sei Whale","Endangered","USA, New York."
"cinereus","Koala","Threatened","USA, Pennsylvania, Philadelphia."
"cubanus"," Cuban Solenodon","Endangered","Cuba, Matanzas, near Crdenas."
"robustus"," Gray [Western North Pacific Dps] Whale","Endangered","Madagascar."
"javanicus","Banteng","Endangered","Indonesia, Java."
"pygmaeus"," Lesser Slow Loris","Threatened","England, Devonshire, Dartmoor."
"pygmaeus","Orangutan","Endangered","England, Devonshire, Dartmoor."
"mexicanus"," Mexican Prairie Dog","Endangered","Mexico, Chihuahua, Pacheco."
"alpinus","Dhole","Endangered","France, Haute-Alpes, Ristolas, 4446'N, 0657'E, 1600 m."
"auritus"," Large-Eared Hutia","Endangered","Sweden."
"gouldii"," Gould'S Mouse","Endangered","Australia, Tasmania, Launceston."
"australis"," Southern Right Whale","Endangered","Australia, New South Wales."
"grisescens"," Gray Bat","Endangered","USA, Tennessee, Marion Co., Nickajack Cave, near Shellmound."
"laniger"," Eastern Jerboa Marsupial","Endangered","China, Fujian, Amoy."
"ridleyi"," Singapore Roundleaf Horseshoe Bat","Endangered","Malaysia, Selangor (= Kepong)."
"septentrionalis"," Northern Long-Eared Bat","Threatened","Canada, Nova Scotia, Halifax."
"sodalis"," Indiana Bat","Endangered","USA, Indiana, Crawford Co., Wyandotte Cave."
"africanus"," African Wild Ass","Endangered","Ethiopia, Shoa."
"australis"," Southern Right Whale","Endangered","New Caledonia, Loyalty Isls, Lifu (21S, 16703'E) (France)."
"shortridgei"," Shortridge'S Mouse","Endangered","Indonesia, Java, south Java, Tji -Tandoei River, Kalipoetjang."
"africana"," African Elephant","Threatened","Tanzania, coast opposite Zanzibar Isl."
"jubatus","Cheetah","Endangered","""sdliche Afrika; man bekmmt die Felle vom Vorgebirge der guten Hofnung"" [South Africa, Western Cape Province, Cape of Good Hope]."
"jubatus"," Steller [Western Dps] Sea Lion","Endangered","""sdliche Afrika; man bekmmt die Felle vom Vorgebirge der guten Hofnung"" [South Africa, Western Cape Province, Cape of Good Hope]."
"bieti"," Yunnan Snub-Nosed Monkey","Endangered","""Batang Tatsien-Lou"", restricted by Pousargues (1898:358) to ""environ de Tongolo et de Ta-tsien-lou"" [China, Sichuan]."
"nigripes"," Black-Footed Cat","Endangered","Burchell (1824:509) implied the country of the ""Bachapins"", presumably in the capital, ""the town of Litkun (Letrkoon)...276'44"". [S]...2439'27""[E]"" [South Africa]."
"nigripes"," Black-Footed Ferret","Endangered","Burchell (1824:509) implied the country of the ""Bachapins"", presumably in the capital, ""the town of Litkun (Letrkoon)...276'44"". [S]...2439'27""[E]"" [South Africa]."
"nigripes"," Black-Footed Ferret","XN","Burchell (1824:509) implied the country of the ""Bachapins"", presumably in the capital, ""the town of Litkun (Letrkoon)...276'44"". [S]...2439'27""[E]"" [South Africa]."
"canadensis"," Canada [Contiguous U.S. Dps] Lynx","Threatened","""Canada""; listed in Miller (1912<i>a</i>) as ""Eastern Canada""."
"rufus"," Red Wolf","Endangered","""Provinz New York in Amerika""."
"rufus"," Red Wolf","XN","""Provinz New York in Amerika""."
"viverrinus"," Eastern Native-Cat","Endangered","""from the continent of India""."
"concolor"," Pagi Island Langur","Endangered","""Brassilia"", restricted by Goldman (<i>In</i> Young and Goldman, 1946:200) to ""Cayenne region, French Guiana""."
"nebulosa"," Clouded Leopard","Endangered","""brought from Canton"" [China, Guangdong: Guangzhou]."
"onca","Jaguar","Endangered","""America meridionali"", fixed by Thomas (1911<i>a</i>:136) as ""Pernambuco"" [Brazil]."
"pardus","Leopard","Endangered","""Indiis"", fixed by Thomas (1911<i>a</i>:135), as ""Egypt""; see discussion by Pocock (1930)."
"pardus","Leopard [Southern Africa populations]","Threatened","""Indiis"", fixed by Thomas (1911<i>a</i>:135), as ""Egypt""; see discussion by Pocock (1930)."
"tigris","Tiger","Endangered","""Asia"", fixed by Thomas (1911<i>a</i>:135) as ""Bengal"" [India]."
"pardicolor"," Spotted Linsang","Endangered","""Sikim. . . Sub-Hemalayan mountains"". [India]."
"concolor"," Pagi Island Langur","Endangered","""Madagascar""."
"nigripes"," Black-Footed Cat","Endangered","""Gubon"" [Gabon]."
"nigripes"," Black-Footed Ferret","Endangered","""Gubon"" [Gabon]."
"nigripes"," Black-Footed Ferret","XN","""Gubon"" [Gabon]."
"penicillata"," Brush-Tailed Rat-Kangaroo","Endangered","""du Cap"", restricted by Roberts (1951:151) to ""Uitenhage, C.P."" [South Africa]."
"brachyurus","Quokka","Endangered","""Indian Islands"", restricted by Kloss (1917) to ""Borneo"", however, Thomas (1921<i>c</i>) believed it to be from ""Malacca"". Pocock (1941<i>a</i>) believed the type to represent a ""Malayan Race""."
"brachyurus"," Maned Wolf","Endangered","""Indian Islands"", restricted by Kloss (1917) to ""Borneo"", however, Thomas (1921<i>c</i>) believed it to be from ""Malacca"". Pocock (1941<i>a</i>) believed the type to represent a ""Malayan Race""."
"javanicus","Banteng","Endangered","""Java""."
"lupus"," Gray Wolf","Endangered","""Europ sylvis, etjam frigidioribus"", restricted by Thomas (1911<i>a</i>) to ""Sweden""."
"lupus"," Gray [Mn Dps] Wolf","Threatened","""Europ sylvis, etjam frigidioribus"", restricted by Thomas (1911<i>a</i>) to ""Sweden""."
"simensis"," Simien Fox","Endangered","""Wir beobachteten diesen wolfsartigen Hund in den Bergen von Simen..."" [Ethiopia, mountains of Simen]."
"brachyurus","Quokka","Endangered","Listed by Cabrera (1957) as ""los esteros del Paraguay."""
"brachyurus"," Maned Wolf","Endangered","Listed by Cabrera (1957) as ""los esteros del Paraguay."""
"alpinus","Dhole","Endangered","""Udskoi Ostrog""; reported in Honacki et al. (1982) as ""U.S.S.R., Amurskaya Obl., Udskii-Ostrog."""
"australis"," Southern Right Whale","Endangered","""America and Falkland islands."""
"pictus"," African Wild Dog","Endangered",""" la cte de Mosambique"" [Mozambique]."
"melanoleuca"," Giant Panda","Endangered","""Mou-pin"" [China, Sichuan Sheng, Baoxing (=Moupin) 3023'N, 10250'E]."
"arctos"," Mexican Grizzly Bear","Endangered","""sylvis Europ frigid"" restricted by Thomas (1911<i>a</i>) to ""Northern Sweden."""
"maritimus"," Polar Bear","Threatened","""on the main land of Spitsbergen"" [Norway]."
"australis"," Southern Right Whale","Endangered","Zimmermann (1783) based the name on the ""Falkland Isle Seal"" of Pennant (1781), and added that it ""Wohnt um Juan Fernandez, und ber haupt in dortigen Meeren."" [Falkland Isls, UK]."
"gazella"," Arabian Gazelle","Endangered","""von Seehunden aus Kerguelenland"". Restriced by Scheffer (1958) to ""Anse Betsy (4909'S, 7011'E)."""
"townsendi"," Guadalupe Fur Seal","Threatened","""Guadalupe Island, off Lower California. . . collected on the beach on west side of Guadalupe."" [Mexico]"
"jubatus","Cheetah","Endangered","""...Aufenthalt in dem nrdlichen Theil des stillen Meeres...westlichen Kste von Amerika... stlichen von Kamtschatka...Inseln...Ksten unter dem 56ten Grade der Breite liegen."" [N part of the Pacific. Russia, Commander and Bering Isls]."
"jubatus"," Steller [Western Dps] Sea Lion","Endangered","""...Aufenthalt in dem nrdlichen Theil des stillen Meeres...westlichen Kste von Amerika... stlichen von Kamtschatka...Inseln...Ksten unter dem 56ten Grade der Breite liegen."" [N part of the Pacific. Russia, Commander and Bering Isls]."
"monachus"," Mediterranean Monk Seal","Endangered","""Dalmation Sea at Ossero."" [Serbia and Montenegro] King (1956)."
"largha"," Spotted [Southern Dps] Seal","Threatened","""quam quod observetur tantum ad orientale littus Camtschatcae"" [Eastern coast of Kamchatka, Russia (Shaughnessy and Fay, 1977)]."
"canadensis"," Canada [Contiguous U.S. Dps] Lynx","Threatened","""Der Fischotter ...Europa berall gemein... Einwohner des nordlichen Theils von Asien, bis nach Kamatschatka hinaus, und ...Persian hinunter, und von Nordamerika."" Miller (1912b:113) listed the type locality as ""Eastern Canada""."
"brasiliensis"," Giant Otter","Endangered","""in fluviis americae meridionalis""; Cabrera (1957:274) restricted to ""ri So Francisco, en la orilla correspondiente al estado de Alagoas"", Brazil."
"africana"," African Elephant","Threatened","""Africa"", type locality is in error, fixed by Cabrera (1957) as ""arrabales de Belem, la antigua Par."" [Brazil]"
"nigripes"," Black-Footed Cat","Endangered","""lower waters of the Platte River"", restricted by Hayden (1863:138) to ""Fort Laramie"" [Wyoming, USA]."
"nigripes"," Black-Footed Ferret","Endangered","""lower waters of the Platte River"", restricted by Hayden (1863:138) to ""Fort Laramie"" [Wyoming, USA]."
"nigripes"," Black-Footed Ferret","XN","""lower waters of the Platte River"", restricted by Hayden (1863:138) to ""Fort Laramie"" [Wyoming, USA]."
"nivalis"," Mexican Long-Nosed Bat","Endangered","""Westrobothnia"" [Sweden]."
"pygmaeus"," Lesser Slow Loris","Threatened","""Cozumel Island, Yucatan"" [Mexico]."
"pygmaeus","Orangutan","Endangered","""Cozumel Island, Yucatan"" [Mexico]."
"grevyi"," Grevy'S Zebra","Threatened","Described as ""region de l'Afrique orientale qu'on appelle le pays des Gallas"", i.e. Ethiopia, Gallaland, Shoa Prov. (Rzasnicki, 1951), restricted to Awash Valley (Yalden et al., 1986)."
"hemionus"," Asian Wild Ass","Endangered","""ad Lacum Tarei Dauuriae"", i.e. Russia, Transbaikalia, S Chitinsk. Obl., Tarei-Nor, 50N, 115E."
"bairdii"," Central American Tapir","Endangered","""Isthmus of Panama"", restricted to Panama, Canal Zone by Hershkovitz (1954)."
"indicus"," Asian Tapir","Endangered","""la presqu'ile de Malacca"", i.e. Malaysia, Malay Peninsula."
"pinchaque"," Mountain Tapir","Endangered","""une journe de cette ville [Bogota], dans le <i>Paramo</i> de <i>Suma-Paz</i>,"" i.e., Colombia, Cundinamarca, Pramo de Sumapaz."
"terrestris"," South American (=Brazilian) Tapir","Endangered","""Habitat in Brasilia"", i.e., Brazil, Pernambuco."
"sumatrensis"," Sumatran Rhinoceros","Endangered","""Sumatra"", now known to be Indonesia, Sumatra, Bencoolen (= Bintuhan) Dist., Fort Marlborough (Groves, 1967c)."
"bicornis"," Black Rhinoceros","Endangered","""Habitat in India"", now identified as South Africa, Western Cape Prov., Cape of Good Hope."
"sondaicus"," Javan Rhinoceros","Endangered","""Sumatra"" (Indonesia), later corrected to ""Java"" (Indonesia)."
"unicornis"," Great Indian Rhinoceros","Endangered","""Habitat in Africa, India"", now identified as India, Assam, Terai."
"babyrussa","Babirusa","Endangered","""Habitat in Borneo Indiae orientalis""; identified as ""Island of Boero"" by Thomas (1911<i>a</i>) (Indonesia, Buru Isl)."
"africanus"," African Wild Ass","Endangered","""Habitat in Africa a capite viridi ad caput bonae spei""; restricted to Senegal, ""Cape Verd [Verde]"" (Lydekker, 1915:373)."
"larvatus"," Proboscis Monkey","Endangered","""Madagascar"" (no precise locality) here selected."
"salvanius"," Pygmy Hog","Endangered","""Habitat, Saul forest"" but no locality given; N India, ""Sikhim Tarai [Sikkim Terai]  The moist forest-tract at the base of the eastern Himalaya"" (Lydekker, 1915:343)."
"bactrianus"," Bactrian Camel","Endangered","""Habitat in Africa""; identified as ""Bactria"" (Uzbekistan, Bokhara) by Thomas (1911<i>a</i>:150); based on domesticated stock."
"vicugna"," Bolivia, Chile And Peru] Vicuna [Argentina","Threatened","Chile, ""abondano nella parte della Cordigliera spettante alle Provincie de Coquimbo, e di Copiap"" (cordilleras of Coquimbo and Copiapo)."
"vicugna","Vicuna [Ecuador DPS]","Endangered","Chile, ""abondano nella parte della Cordigliera spettante alle Provincie de Coquimbo, e di Copiap"" (cordilleras of Coquimbo and Copiapo)."
"javanicus","Banteng","Endangered","Indonesia, W Java, Udjung Kulon Peninsula, ""Nieu Bay"" (Meeuwenbaai or Muara Tjikuja), Jankolan (Djungkulan) kampong; identified by Van Bemmel (1949<i>b</i>) and Hoogerwerf (1970:353)."
"dichotomus"," Marsh Deer","Endangered","No locality given; based on the gouazoupoukou of Azara; restricted to Paraguay, Lake Ypo, south of Asuncion (Cabrera, 1961:329)."
"antisensis"," North Andean Huemul","Endangered","""du versant oriental des Cordillieres""; Bolivian Andes, near La Paz, at about 3,500 m (Cabrera, 1961:333)."
"bisulcus"," South Andean Huemul","Endangered","Chile, ""delle Andi [Andes]""; restricted to Colchagua Prov. (Cabrera, 1961:334)."
"nana"," Dwarf Hutia","Endangered","Brazil, ""Ro Grande do Sul""."
"hemionus"," Asian Wild Ass","Endangered","USA, South Dakota, mouth of Big Sioux River (Bailey, 1926:41)."
"bezoarticus"," Pampas Deer","Endangered","""Habitat in America australis""; identified as Brazil, Pernambuco (Thomas, 1911<i>a</i>:151)."
"dama"," Dama Gazelle","Endangered","""Habitat in Europa""; identified as ""Habitat in vivariis Regis &amp; Magnatum"" by Thomas (1911<i>a</i>:151), in Sweden to which it had been introduced."
"feae"," Fea'S Muntjac","Endangered","Burma, ""Thagat Juva, a S. E. del Monte Mooleyit [= Mt. Mulaiyit], Tenasserim""."
"alfredi"," Visayan Deer","Endangered","""transmitted  from Singapore  Hab. Malayan peninsula, or adjoining islands (?)""; ""Philippines, the type specimen having been received from Manila"" (Lydekker, 1915:63)."
"clarkei"," Clark'S Gazelle","Endangered","""Northern Somali-land""; according to the collector Clarke (<i>in</i> Sclater and Thomas, 1898:220), ""about three hours from 'Bairwell' or about one day from 'Buroa Well, Habergerhagi's country'"" (N Somalia, vicinity of Burao and Ber)."
"cuvieri"," Mountain (=Cuvier'S) Gazelle","Endangered","Morocco, ""Mogadore"" (Mogador)."
"gazella"," Arabian Gazelle","Endangered","No locality cited; based on ""La Gazelle"" of Buffon, from ""Syri"" (Syria)."
"leptoceros"," Slender-Horned Gazelle","Endangered","""rapports du Sennaar [Sudan, Sennar] par M. Burton""; corrected to ""desert between Giza and Wadi Natron, lower Egypt, as the type-specimen was brought to Paris by James Burton, circa 1833"" (Flower, 1932:438)."
"dama"," Dama Gazelle","Endangered","No locality cited; based on ""Le Nanguer"" of Buffon from ""Sngal""; see discussion in Harper (1940)."
"pygmaeus"," Lesser Slow Loris","Threatened","""Habitat in Guinea, India""; restricted to ""Guinea"" (West Africa) by Thomas (1911<i>a</i>:152)."
"pygmaeus","Orangutan","Endangered","""Habitat in Guinea, India""; restricted to ""Guinea"" (West Africa) by Thomas (1911<i>a</i>:152)."
"przewalskii"," Przewalski'S Horse","Endangered","China, ""im sdlichen Ordos"" (S Ordos desert); Groves (1967:149) stated that the type locality is the Chagrin Gol (or Steppe)."
"campestris"," Desert (=Plain) Rat-Kangaroo","Endangered","No locality cited; South Africa by implication; since restricted to Cape Colony (Lydekker, 1914<i>a</i>:148) or Cape of Good Hope (G. M. Allen, 1939:502); since selected as Western Cape Prov., Malmesbury Div., Swartland (Grubb, 1999:23)."
"borealis"," Sei Whale","Endangered","Russia, Siberia, Yakutsia, River Wiljui or Vilyuy."
"borealis"," Sei Whale","Endangered","Russia, Siberia, Yakutsia, River Wiljui or Vilyuy."
"javanicus","Banteng","Endangered","Indonesia, Java."
"sauveli","Kouprey","Endangered","""Nord Cambodge"" (Cambodia, near Tchep Village)."
"depressicornis"," Lowland Anoa","Endangered","Indonesia, ""Island of Celebes"" (Sulawesi)."
"mindorensis","Tamaraw","Endangered","Philippines, ""l'ile de Mindoro""."
"quarlesi"," Mountain Anoa","Endangered","Indonesia, Sulawesi, ""des bois des hautes montagnes de la rgion centrale de Toradja""."
"walie"," Walia Ibex","Endangered","""die hchsten felsigten Gebirge Abyssiniens  in den Provinzen Simen und Godjam""; restricted to Ethiopia, mountains of Simien (Lydekker, 1913:156)."
"jayakari"," Arabian Tahr","Endangered","Oman, ""Jebel Taw, Jebel Akhdar Range""."
"goral","Goral","Endangered","""a native of the Himalayah range and the mountains of the Nepaul frontier"" (Nepal, Himalayas)."
"ammon"," Mongolia, And Tajikistan] Argali [All Populations Except Kyrgyzstan","Endangered","""Habitat in Siberia""; since identified as Kazakhstan, Vostochno-Kazakhstansk. Obl., Altai Mtns, Bukhtarma; near Ust-Kamenogorsk."
"ammon"," Mongolia, And Tajikistan] Argali [Kyrgyzstan","Threatened","""Habitat in Siberia""; since identified as Kazakhstan, Vostochno-Kazakhstansk. Obl., Altai Mtns, Bukhtarma; near Ust-Kamenogorsk."
"canadensis"," Canada [Contiguous U.S. Dps] Lynx","Threatened","""the interior parts of Canada""; identified as Canada, Alberta, Mountains on Bow River, near Exshaw (Anderson, 1947:184)."
"hodgsonii"," Tibetan Antelope","Endangered","China, Tibet, Kooti Pass in Arrun Valley, Tingri Maiden."
"jentinki"," Jentink'S Duiker","Endangered","""Liberia""; since identified as Junk River opposite Schieffelinsville, Sharp-Hill (Khn, 1965)."
"nasomaculatus","Addax","Endangered","No locality given. Here selected as the Tunisian Sahara."
"dammah"," Scimitar-Horned Oryx","Endangered","Sudan, Northern Kordofan Prov., ""bewohnen die grossen Steppen von Haraza [vicinity of Jebel Haraza]""."
"gazella"," Arabian Gazelle","Endangered","""India""; understood to be South Africa (Thomas, 1911<i>a</i>:152)."
"leucoryx"," Arabian Oryx","Endangered","""Arabiae et forte Lybiae proprium animal""; restricted to Arabia (Lydekker, 1914<i>b</i>:130)."
"leche"," Red Lechwe","Threatened","""Banks of the river Zoaga, lat. 21""; since identified as Botswana, Botletle River, near Lake Ngami (Smithers, 1971:233)."
"mysticetus"," Bowhead Whale","Endangered","""Habitat in Oceano Groenlandico"" (= Greenland Sea)."
"australis"," Southern Right Whale","Endangered","Algoa Bay, Cape of Good Hope, South Africa."
"glacialis"," North Atlantic Right Whale","Endangered","None given, listed as Norway, Finnmark, Nord Kapp (vicinity of North Cape) by Eschricht and Reinhardt (1861)."
"japonica"," North Pacific Right Whale","Endangered","Japan."
"borealis"," Sei Whale","Endangered","Germany, Schleswig-Holstein, Lubeck Bay, near Gromitz (see Rudolphi, 1822)."
"musculus"," Blue Whale","Endangered","UK, Scotland, Firth of Forth (""Habitat in Mari Scotico"")."
"physalus"," Finback Whale","Endangered","""Habitat in Oceano Europeao"", restricted to Norway, near Svalbard, Spitsbergen Sea by Thomas (1911<i>a</i>)."
"novaeangliae"," Humpback [Arabian Sea Dps] Whale","Endangered","USA, ""de la nouvelle Angleterre"" (= coast of New England)."
"novaeangliae"," Humpback [Cape Verde Islands/Northwest Africa Dps] Whale","Endangered","USA, ""de la nouvelle Angleterre"" (= coast of New England)."
"novaeangliae"," Humpback [Central America Dps] Whale","Endangered","USA, ""de la nouvelle Angleterre"" (= coast of New England)."
"novaeangliae"," Humpback [Mexico Dps] Whale","Threatened","USA, ""de la nouvelle Angleterre"" (= coast of New England)."
"novaeangliae"," Humpback [Western North Pacific Dps] Whale","Endangered","USA, ""de la nouvelle Angleterre"" (= coast of New England)."
"robustus"," Gray [Western North Pacific Dps] Whale","Endangered","Sweden, ""p Grsn i Roslagen""; ""Benen lgo 840 fot frn hafsstranden, ungefr 12  15 fot fver hafvets yta"" (= Uppland, Graso Isl)."
"australis"," Southern Right Whale","Endangered","""South Atlantic Ocean, off the coast of Patagonia"", Argentina, 1 days sail north of the Straits of LeMaire."
"borealis"," Sei Whale","Endangered","""North Pacific Ocean, latitude 46 6' 50"" N., 134 5' W. from Greenwich."", 10W of Astoria, Oregon, USA."
"orca"," Killer [Southern Resident Dps] Whale","Endangered","E North Atlantic (""Oceano Europaeo"")."
"crassidens"," False Killer [Main Hawaiian Islands Insular Dps] Whale","Endangered","UK, England, ""in the great fen of Lincolnshire beneath the turf, in the neighborhood of the ancient town of Stamford"". (subfossil)."
"truncatus"," Pink Fairy Armadillo","Endangered","UK, England, Devonshire, ""in Duncannon Pool, near Stoke Gabriel, about five miles up the River Dart""."
"leucas"," Beluga [Cook Inlet Dps] Whale","Endangered","NE Siberia, ""die im Obischen Meerbusen"" (= mouth of Ob River)."
"sinus"," Gulf Of California Harbor (Cochito, Vaquita) Porpoise","Endangered","""from the northeast shore of Punta San Felipe, Baja California Norte, Gulf of California, Mexico""."
"vexillifer"," Chinese River Dolphin","Endangered","""Tung Ting Lake, about 600 miles up the Yangtze River, [Hunan] China""."
"bairdii"," Central American Tapir","Endangered","Russia, Commander Isls, ""found stranded in Stare Gavan, on the eastern shore of Bering Island""."
