ScientificName,Status,Family,Species,CommonName_new
Addax nasomaculatus,Endangered,Addax,nasomaculatus,Addax
Bubalus depressicornis,Endangered,Bubalus,depressicornis, Lowland Anoa
Bubalus quarlesi,Endangered,Bubalus,quarlesi, Mountain Anoa
Hippotragus niger variani,Endangered,Hippotragus,niger variani, Giant Sable Antelope
Panthalops hodgsonii,Endangered,Panthalops,hodgsonii, Tibetan Antelope
Ovis ammon,Endangered,Ovis,ammon," Mongolia, And Tajikistan] Argali [All Populations Except Kyrgyzstan"
Ovis ammon,Threatened,Ovis,ammon," Mongolia, And Tajikistan] Argali [Kyrgyzstan"
Priodontes maximus,Endangered,Priodontes,maximus, Giant Armadillo
Chlamyphorus truncatus,Endangered,Chlamyphorus,truncatus, Pink Fairy Armadillo
Equus africanus,Endangered,Equus,africanus, African Wild Ass
Equus hemionus,Endangered,Equus,hemionus, Asian Wild Ass
Avahi laniger(=entire genus),Endangered,Avahi,laniger(=entire genus),Avahi
Daubentonia madagascariensis,Endangered,Daubentonia,madagascariensis,Aye-aye
Babyrousa babyrussa,Endangered,Babyrousa,babyrussa,Babirusa
Theropithecus gelada,Threatened,Theropithecus,gelada, Gelada Baboon
Perameles bougainville,Endangered,Perameles,bougainville, Barred Bandicoot
Perameles eremiana,Endangered,Perameles,eremiana, Desert Bandicoot
Macrotis leucura,Endangered,Macrotis,leucura, Lesser Rabbit Bandicoot
Chaeropus ecaudatus,Endangered,Chaeropus,ecaudatus, Pig-Footed Bandicoot
Macrotis lagotis,Endangered,Macrotis,lagotis, Rabbit Bandicoot
Bos javanicus,Endangered,Bos,javanicus,Banteng
Aproteles bulmerae,Endangered,Aproteles,bulmerae, Bulmer'S Fruit (Flying Fox) Bat
Craseonycteris thonglongyai,Endangered,Craseonycteris,thonglongyai, Bumblebee Bat
Eumops floridanus,Endangered,Eumops,floridanus, Florida Bonneted Bat
Myotis grisescens,Endangered,Myotis,grisescens, Gray Bat
Lasiurus cinereus semotus,Endangered,Lasiurus,cinereus semotus, Hawaiian Hoary Bat
Myotis sodalis,Endangered,Myotis,sodalis, Indiana Bat
Pteropus tokudae,Endangered,Pteropus,tokudae, Little Mariana Fruit Bat
Pteropus mariannus mariannus,Threatened,Pteropus,mariannus mariannus," Mariana (=Fanihi, Mariana Flying Fox) Fruit Bat"
Leptonycteris nivalis,Endangered,Leptonycteris,nivalis, Mexican Long-Nosed Bat
Myotis septentrionalis,Threatened,Myotis,septentrionalis, Northern Long-Eared Bat
Corynorhinus (=Plecotus) townsendii ingens,Endangered,Corynorhinus,(=Plecotus) townsendii ingens, Ozark Big-Eared Bat
Emballonura semicaudata rotensis,Endangered,Emballonura,semicaudata rotensis," Pacific Sheath-Tailed (Mariana Subspecies) (Payeyi, Paischeey) Bat"
Emballonura semicaudata semicaudata,Endangered,Emballonura,semicaudata semicaudata," Pacific Sheath-Tailed (South Pacific Subspecies) (= Peapea Vai, American Samoa; = Tagiti, Samoa; = Beka Beka, Fiji) Bat"
Pteropus rodricensis,Endangered,Pteropus,rodricensis, Rodrigues Fruit (Flying Fox) Bat
Hipposideros ridleyi,Endangered,Hipposideros,ridleyi, Singapore Roundleaf Horseshoe Bat
Corynorhinus (=Plecotus) townsendii virginianus,Endangered,Corynorhinus,(=Plecotus) townsendii virginianus, Virginia Big-Eared Bat
Ursus thibetanus gedrosianus,Endangered,Ursus,thibetanus gedrosianus, Baluchistan Bear
Ursus arctos arctos,Endangered,Ursus,arctos arctos, Brown [Italy] Bear
Ursus arctos pruinosus,Endangered,Ursus,arctos pruinosus, Brown Bear
Ursus arctos horribilis,Threatened,Ursus,arctos horribilis, Grizzly Bear
Ursus arctos horribilis,XN,Ursus,arctos horribilis, Grizzly Bear
Ursus arctos,Endangered,Ursus,arctos, Mexican Grizzly Bear
Ursus maritimus,Threatened,Ursus,maritimus, Polar Bear
Castor fiber birulai,Endangered,Castor,fiber birulai,Beaver (Mongolia)
Bison bison athabascae,Threatened,Bison,bison athabascae, Wood Bison
Bison bison athabascae,XN,Bison,bison athabascae, Wood Bison
Lynx (=Felis) rufus escuinapae,Endangered,Lynx,(=Felis) rufus escuinapae, Mexican Bobcat
Damaliscus pygarus (=dorcas) dorcas,Endangered,Damaliscus,pygarus (=dorcas) dorcas,Bontebok (antelope)
Camelus bactrianus,Endangered,Camelus,bactrianus, Bactrian Camel
Rangifer tarandus caribou,Endangered,Rangifer,tarandus caribou, Woodland [Southern Selkirk Mountains Dps] Caribou
Felis jacobita,Endangered,Felis,jacobita, Andean Cat
Catopuma (=Felis) temminckii,Endangered,Catopuma,(=Felis) temminckii, Asian Golden (=Temminck'S) Cat
Felis nigripes,Endangered,Felis,nigripes, Black-Footed Cat
Prionailurus (=Felis) planiceps,Endangered,Prionailurus,(=Felis) planiceps, Flat-Headed Cat
Prionailurus (=Felis) bengalensis iriomotensis,Endangered,Prionailurus,(=Felis) bengalensis iriomotensis, Iriomote Cat
Prionailurus (=Felis) bengalensis bengalensis,Endangered,Prionailurus,(=Felis) bengalensis bengalensis, Leopard Cat
Pardofelis (=Felis) marmorata,Endangered,Pardofelis,(=Felis) marmorata, Marbled Cat
Felis margarita scheffeli,Endangered,Felis,margarita scheffeli, Pakistan Sand Cat
Leopardus (=Felis) tigrinus,Endangered,Leopardus,(=Felis) tigrinus, Tiger Cat
Rupicapra rupicapra ornata,Endangered,Rupicapra,rupicapra ornata, Apennine Chamois
Acinonyx jubatus,Endangered,Acinonyx,jubatus,Cheetah
Pan troglodytes,Endangered,Pan,troglodytes,Chimpanzee
Pan paniscus,Endangered,Pan,paniscus, Pygmy Chimpanzee
Chinchilla brevicaudata boliviana,Endangered,Chinchilla,brevicaudata boliviana,Chinchilla
Viverra civettina (=megaspila c.),Endangered,Viverra,civettina (=megaspila c.), Malabar Large-Spotted Civet
Cervus elaphus bactrianus,Endangered,Cervus,elaphus bactrianus, Bactrian Deer
Cervus elaphus barbarus,Endangered,Cervus,elaphus barbarus, Barbary Deer
Axis porcinus calamianensis,Endangered,Axis,porcinus calamianensis, Calamianes (=Philippine) Deer
Odocoileus hemionus cedrosensis,Endangered,Odocoileus,hemionus cedrosensis, Cedros Island Mule Deer
Odocoileus virginianus leucurus,Threatened,Odocoileus,virginianus leucurus, Columbian White-Tailed [Columbia River Dps] Deer
Cervus elaphus corsicanus,Endangered,Cervus,elaphus corsicanus, Corsican Red Deer
Cervus eldi,Endangered,Cervus,eldi, Eld'S Brow-Antlered Deer
Cervus nippon taiouanus,Endangered,Cervus,nippon taiouanus, Formosan Sika Deer
Axis (=Cervus) porcinus annamiticus,Endangered,Axis,(=Cervus) porcinus annamiticus, Indochina Hog Deer
Odocoileus virginianus clavium,Endangered,Odocoileus,virginianus clavium, Key Deer
Axis porcinus kuhli,Endangered,Axis,porcinus kuhli, Kuhl'S (=Bawean) Deer
Blastocerus dichotomus,Endangered,Blastocerus,dichotomus, Marsh Deer
Cervus elaphus macneilii,Endangered,Cervus,elaphus macneilii, Mcneill'S Deer
Moschus spp. (all species),Endangered,Moschus,spp. (all species), Musk Deer
Cervus nippon mandarinus,Endangered,Cervus,nippon mandarinus, North China Sika Deer
Ozotoceros bezoarticus,Endangered,Ozotoceros,bezoarticus, Pampas Deer
Dama mesopotamica (=dama m.),Endangered,Dama,mesopotamica (=dama m.), Persian Fallow Deer
Cervus nippon keramae,Endangered,Cervus,nippon keramae, Ryukyu Sika Deer
Cervus nippon grassianus,Endangered,Cervus,nippon grassianus, Shansi Sika Deer
Cervus nippon kopschi,Endangered,Cervus,nippon kopschi, South China Sika Deer
Cervus duvauceli,Endangered,Cervus,duvauceli, Swamp Deer
Cervus alfredi,Endangered,Cervus,alfredi, Visayan Deer
Cervus elaphus yarkandensis,Endangered,Cervus,elaphus yarkandensis, Yarkand Deer
Cuon alpinus,Endangered,Cuon,alpinus,Dhole
Antechinus apicalis,Endangered,Antechinus,apicalis,Dibbler
Lycaon pictus,Endangered,Lycaon,pictus, African Wild Dog
Lipotes vexillifer,Endangered,Lipotes,vexillifer, Chinese River Dolphin
Platanista gangetica minor,Endangered,Platanista,gangetica minor, South Asian River (Indus River Subspecies) Dolphin
Cephalorhynchus hectori hectori,Endangered,Cephalorhynchus,hectori hectori, South Island Hector'S Dolphin
Cephalorhynchus hectori maui,Endangered,Cephalorhynchus,hectori maui, Maui Dolphin
Mandrillus (=Papio) leucophaeus,Endangered,Mandrillus,(=Papio) leucophaeus,Drill
Dugong dugon,Endangered,Dugong,dugon,Dugong
Cephalophus jentinki,Endangered,Cephalophus,jentinki, Jentink'S Duiker
Taurotragus derbianus derbianus,Endangered,Taurotragus,derbianus derbianus, Western Giant Eland
Loxodonta africana,Threatened,Loxodonta,africana, African Elephant
Elephas maximus,Endangered,Elephas,maximus, Asian Elephant
Mustela nigripes,Endangered,Mustela,nigripes, Black-Footed Ferret
Mustela nigripes,XN,Mustela,nigripes, Black-Footed Ferret
Vulpes velox hebes,Endangered,Vulpes,velox hebes, Northern Swift Fox
Vulpes macrotis mutica,Endangered,Vulpes,macrotis mutica, San Joaquin Kit Fox
Urocyon littoralis catalinae,Threatened,Urocyon,littoralis catalinae, Santa Catalina Island Fox
Canis simensis,Endangered,Canis,simensis, Simien Fox
Gazella gazella,Endangered,Gazella,gazella, Arabian Gazelle
Ammodorcas clarkei,Endangered,Ammodorcas,clarkei, Clark'S Gazelle
Gazella dama,Endangered,Gazella,dama, Dama Gazelle
Gazella dama mhorr,Endangered,Gazella,dama mhorr, Mhorr Gazelle
Gazella dorcas massaesyla,Endangered,Gazella,dorcas massaesyla, Moroccan Gazelle
Gazella cuvieri,Endangered,Gazella,cuvieri, Mountain (=Cuvier'S) Gazelle
Gazella dama lozanoi,Endangered,Gazella,dama lozanoi, Rio De Oro Dama Gazelle
Gazella dorcas pelzelni,Endangered,Gazella,dorcas pelzelni, Pelzeln'S Gazelle
Gazella subgutturosa marica,Endangered,Gazella,subgutturosa marica, Sand Gazelle
Gazella dorcas saudiya,Endangered,Gazella,dorcas saudiya, Saudi Arabian Gazelle
Gazella leptoceros,Endangered,Gazella,leptoceros, Slender-Horned Gazelle
Hylobates spp. (including Nomascus ),Endangered,Hylobates,spp. (including Nomascus ),Gibbons
Nemorhedus goral,Endangered,Nemorhedus,goral,Goral
Gorilla gorilla,Endangered,Gorilla,gorilla,Gorilla
Caprolagus hispidus,Endangered,Caprolagus,hispidus, Hispid Hare
Alcelaphus buselaphus swaynei,Endangered,Alcelaphus,buselaphus swaynei, Swayne'S Hartebeest
Alcelaphus buselaphus tora,Endangered,Alcelaphus,buselaphus tora, Tora Hartebeest
Sus salvanius,Endangered,Sus,salvanius, Pygmy Hog
Equus przewalskii,Endangered,Equus,przewalskii, Przewalski'S Horse
Hippocamelus antisensis,Endangered,Hippocamelus,antisensis, North Andean Huemul
Hippocamelus bisulcus,Endangered,Hippocamelus,bisulcus, South Andean Huemul
Capromys angelcabrerai,Endangered,Capromys,angelcabrerai, Cabrera'S Hutia
Capromys nana,Endangered,Capromys,nana, Dwarf Hutia
Capromys auritus,Endangered,Capromys,auritus, Large-Eared Hutia
Capromys sanfelipensis,Endangered,Capromys,sanfelipensis, Little Earth Hutia
Hyaena hyaena barbara,Endangered,Hyaena,hyaena barbara, Barbary Hyena
Parahyaena (=Hyaena) brunnea,Endangered,Parahyaena,(=Hyaena) brunnea, Brown Hyena
Capra pyrenaica pyrenaica,Endangered,Capra,pyrenaica pyrenaica, Pyrenean Ibex
Capra walie,Endangered,Capra,walie, Walia Ibex
Aepyceros melampus petersi,Endangered,Aepyceros,melampus petersi, Black-Faced Impala
Indri indri(=entire genus),Endangered,Indri,indri(=entire genus),Indri
Panthera onca,Endangered,Panthera,onca,Jaguar
Herpailurus (=Felis) yagouaroundi fossata,Endangered,Herpailurus,(=Felis) yagouaroundi fossata, Guatemalan Jaguarundi
Herpailurus (=Felis) yagouaroundi cacomitli,Endangered,Herpailurus,(=Felis) yagouaroundi cacomitli, Gulf Coast Jaguarundi
Herpailurus (=Felis) yagouaroundi panamensis,Endangered,Herpailurus,(=Felis) yagouaroundi panamensis, Panamanian Jaguarundi
Herpailurus (=Felis) yagouaroundi tolteca,Endangered,Herpailurus,(=Felis) yagouaroundi tolteca, Sinaloan Jaguarundi
Dipodomys nitratoides exilis,Endangered,Dipodomys,nitratoides exilis, Fresno Kangaroo Rat
Dipodomys ingens,Endangered,Dipodomys,ingens, Giant Kangaroo Rat
Dipodomys heermanni morroensis,Endangered,Dipodomys,heermanni morroensis, Morro Bay Kangaroo Rat
Dipodomys merriami parvus,Endangered,Dipodomys,merriami parvus, San Bernardino Merriam'S Kangaroo Rat
Dipodomys stephensi (incl. D. cascus),Endangered,Dipodomys,stephensi (incl. D. cascus), Stephens' Kangaroo Rat
Dipodomys nitratoides nitratoides,Endangered,Dipodomys,nitratoides nitratoides, Tipton Kangaroo Rat
Macropus giganteus tasmaniensis,Endangered,Macropus,giganteus tasmaniensis, Tasmanian Forester Kangaroo
Phascolarctos cinereus,Threatened,Phascolarctos,cinereus,Koala
Bos sauveli,Endangered,Bos,sauveli,Kouprey
Trachypithecus (=Presbytis) pileatus,Endangered,Trachypithecus,(=Presbytis) pileatus, Capped Langur
Pygathrix nemaeus,Endangered,Pygathrix,nemaeus, Douc Langur
Trachypithecus (=Presbytis) francoisi,Endangered,Trachypithecus,(=Presbytis) francoisi, Francois' Langur
Trachypithecus (=Presbytis) geei,Endangered,Trachypithecus,(=Presbytis) geei, Golden Langur
Semnopithecus (=Presbytis) entellus,Endangered,Semnopithecus,(=Presbytis) entellus, Gray (=Entellus) Langur
Presbytis potenziani,Threatened,Presbytis,potenziani, Long-Tailed Langur
Nasalis concolor,Endangered,Nasalis,concolor, Pagi Island Langur
Presbytis senex,Threatened,Presbytis,senex, Purple-Faced Langur
Kobus leche,Threatened,Kobus,leche, Red Lechwe
"Lemuridae (incl. genera Lemur, Phaner, Hapalemur, Lepilemur, Microcebus, Allocebus, Cheirogaleus, Varecia )",Endangered,Lemuridae,"(incl. genera Lemur, Phaner, Hapalemur, Lepilemur, Microcebus, Allocebus, Cheirogaleus, Varecia )",Lemurs
Panthera pardus,Endangered,Panthera,pardus,Leopard
Panthera pardus,Threatened,Panthera,pardus,Leopard [Southern Africa populations]
Neofelis nebulosa,Endangered,Neofelis,nebulosa, Clouded Leopard
Uncia (=Panthera) uncia,Endangered,Uncia,(=Panthera) uncia, Snow Leopard
Prionodon pardicolor,Endangered,Prionodon,pardicolor, Spotted Linsang
Panthera leo leo,Endangered,Panthera,leo leo,Lion
Panthera leo melanochaita,Threatened,Panthera,leo melanochaita,Lion
Nycticebus pygmaeus,Threatened,Nycticebus,pygmaeus, Lesser Slow Loris
Lynx canadensis,Threatened,Lynx,canadensis, Canada [Contiguous U.S. Dps] Lynx
Felis pardina,Endangered,Felis,pardina, Spanish Lynx
Macaca cyclopis,Threatened,Macaca,cyclopis, Formosan Rock Macaque
Macaca fuscata,Threatened,Macaca,fuscata, Japanese Macaque
Macaca silenus,Endangered,Macaca,silenus, Lion-Tailed Macaque
Macaca arctoides,Threatened,Macaca,arctoides, Stump-Tailed Macaque
Macaca sinica,Threatened,Macaca,sinica, Toque Macaque
Trichechus inunguis,Endangered,Trichechus,inunguis, Amazonian Manatee
Trichechus senegalensis,Threatened,Trichechus,senegalensis, West African Manatee
Trichechus manatus,Threatened,Trichechus,manatus, West Indian Manatee
Mandrillus (=Papio) sphinx,Endangered,Mandrillus,(=Papio) sphinx,Mandrill
Cercocebus galeritus galeritus,Endangered,Cercocebus,galeritus galeritus, Tana River Mangabey
Cercocebus torquatus,Endangered,Cercocebus,torquatus, White-Collared Mangabey
Leopardus (=Felis) wiedii,Endangered,Leopardus,(=Felis) wiedii,Margay
Capra falconeri (=aegagrus) chiltanensis,Endangered,Capra,falconeri (=aegagrus) chiltanensis, Chiltan (=Wild Goat) Markhor
Capra falconeri megaceros,Threatened,Capra,falconeri megaceros, Straight-Horned Markhor
Callithrix flaviceps,Endangered,Callithrix,flaviceps, Buff-Headed Marmoset
Saguinus oedipus,Endangered,Saguinus,oedipus, Cotton-Top Marmoset
Callimico goeldii,Endangered,Callimico,goeldii, Goeldi'S Marmoset
Callithrix aurita (=jacchus a.),Endangered,Callithrix,aurita (=jacchus a.), White-Eared (=Buffy Tufted-Ear) Marmoset
Marmota vancouverensis,Endangered,Marmota,vancouverensis, Vancouver Island Marmot
Antechinomys laniger,Endangered,Antechinomys,laniger, Eastern Jerboa Marsupial
Sminthopsis psammophila,Endangered,Sminthopsis,psammophila, Large Desert Marsupial-Mouse
Sminthopsis longicaudata,Endangered,Sminthopsis,longicaudata, Long-Tailed Marsupial-Mouse
Martes flavigula chrysospila,Endangered,Martes,flavigula chrysospila, Formosan Yellow-Throated Marten
Colobus satanas,Endangered,Colobus,satanas, Black Colobus Monkey
Alouatta pigra,Threatened,Alouatta,pigra, Black Howler Monkey
Cercopithecus diana,Endangered,Cercopithecus,diana, Diana Monkey
Rhinopithecus brelichi,Endangered,Rhinopithecus,brelichi, Guizhou Snub-Nosed Monkey
Cercopithecus lhoesti,Endangered,Cercopithecus,lhoesti, L'Hoest'S Monkey
Alouatta palliata,Endangered,Alouatta,palliata, Mantled Howler Monkey
Procolobus (=Colobus) preussi (=badius p.),Endangered,Procolobus,(=Colobus) preussi (=badius p.), Preuss' Red Colobus Monkey
Nasalis larvatus,Endangered,Nasalis,larvatus, Proboscis Monkey
Saimiri oerstedii,Endangered,Saimiri,oerstedii, Red-Backed Squirrel Monkey
Cercopithecus erythrogaster,Endangered,Cercopithecus,erythrogaster, Red-Bellied Monkey
Cercopithecus erythrotis,Endangered,Cercopithecus,erythrotis, Red-Eared Nose-Spotted Monkey
Rhinopithecus roxellana,Endangered,Rhinopithecus,roxellana, Sichuan Snub-Nosed Monkey
Ateles geoffroyi frontatus,Endangered,Ateles,geoffroyi frontatus, Spider Monkey
Ateles geoffroyl panamensis,Endangered,Ateles,geoffroyl panamensis, Spider Monkey
Procolobus (=Colobus) rufomitratus (=badius r.),Endangered,Procolobus,(=Colobus) rufomitratus (=badius r.), Tana River Red Colobus Monkey
Rhinopithecus avunculus,Endangered,Rhinopithecus,avunculus, Tonkin Snub-Nosed Monkey
Brachyteles arachnoides,Endangered,Brachyteles,arachnoides, Woolly Spider Monkey
Lagothrix flavicauda,Endangered,Lagothrix,flavicauda, Yellow-Tailed Woolly Monkey
Rhinopithecus bieti,Endangered,Rhinopithecus,bieti, Yunnan Snub-Nosed Monkey
Procolobus (=Colobus) pennantii (=kirki) kirki,Endangered,Procolobus,(=Colobus) pennantii (=kirki) kirki, Zanzibar Red Colobus Monkey
Aplodontia rufa nigra,Endangered,Aplodontia,rufa nigra, Point Arena Mountain Beaver
Peromyscus polionotus ammobates,Endangered,Peromyscus,polionotus ammobates, Alabama Beach Mouse
Peromyscus polionotus phasma,Endangered,Peromyscus,polionotus phasma, Anastasia Island Beach Mouse
Notomys aquilo,Endangered,Notomys,aquilo, Australian Native Mouse
Zyzomys pedunculatus,Endangered,Zyzomys,pedunculatus, Australian Native Mouse
Peromyscus polionotus allophrys,Endangered,Peromyscus,polionotus allophrys, Choctawhatchee Beach Mouse
Pseudomys fieldi,Endangered,Pseudomys,fieldi, Field'S Mouse
Pseudomys gouldii,Endangered,Pseudomys,gouldii, Gould'S Mouse
Peromyscus gossypinus allapaticola,Endangered,Peromyscus,gossypinus allapaticola, Key Largo Cotton Mouse
Pseudomys novaehollandiae,Endangered,Pseudomys,novaehollandiae, New Holland Mouse
Zapus hudsonius luteus,Endangered,Zapus,hudsonius luteus, New Mexico Meadow Jumping Mouse
Perognathus longimembris pacificus,Endangered,Perognathus,longimembris pacificus, Pacific Pocket Mouse
Peromyscus polionotus trissyllepsis,Endangered,Peromyscus,polionotus trissyllepsis, Perdido Key Beach Mouse
Zapus hudsonius preblei,Threatened,Zapus,hudsonius preblei, Preble'S Meadow Jumping Mouse
Reithrodontomys raviventris,Endangered,Reithrodontomys,raviventris, Salt Marsh Harvest Mouse
Pseudomys praeconis,Endangered,Pseudomys,praeconis, Shark Bay Mouse
Pseudomys shortridgei,Endangered,Pseudomys,shortridgei, Shortridge'S Mouse
Pseudomys fumeus,Endangered,Pseudomys,fumeus, Smoky Mouse
Peromyscus polionotus niveiventris,Threatened,Peromyscus,polionotus niveiventris, Southeastern Beach Mouse
Peromyscus polionotus peninsularis,Endangered,Peromyscus,polionotus peninsularis, St. Andrew Beach Mouse
Pseudomys occidentalis,Endangered,Pseudomys,occidentalis, Western Mouse
Muntiacus feae,Endangered,Muntiacus,feae, Fea'S Muntjac
Dasyurus viverrinus,Endangered,Dasyurus,viverrinus, Eastern Native-Cat
Myrmecobius fasciatus,Endangered,Myrmecobius,fasciatus,Numbat
Leopardus (=Felis) pardalis,Endangered,Leopardus,(=Felis) pardalis,Ocelot
Pongo pygmaeus,Endangered,Pongo,pygmaeus,Orangutan
Oryx leucoryx,Endangered,Oryx,leucoryx, Arabian Oryx
Oryx dammah,Endangered,Oryx,dammah, Scimitar-Horned Oryx
Aonyx congicus (=congica) microdon,Endangered,Aonyx,congicus (=congica) microdon, Cameroon Clawless Otter
Pteronura brasiliensis,Endangered,Pteronura,brasiliensis, Giant Otter
Lontra (=Lutra) longicaudis (incl. platensis ),Endangered,Lontra,(=Lutra) longicaudis (incl. platensis ), Long-Tailed Otter
Lontra (=Lutra) felina,Endangered,Lontra,(=Lutra) felina, Marine Otter
Enhydra lutris kenyoni,Threatened,Enhydra,lutris kenyoni, Northern Sea [Southwest Alaska Dps] Otter
Lontra (=Lutra) provocax,Endangered,Lontra,(=Lutra) provocax, Southern River Otter
Enhydra lutris nereis,Threatened,Enhydra,lutris nereis, Southern Sea Otter
Ailuropoda melanoleuca,Endangered,Ailuropoda,melanoleuca, Giant Panda
Manis temmincki,Endangered,Manis,temmincki, Temnick'S Ground Pangolin
Puma (=Felis) concolor coryi,Endangered,Puma,(=Felis) concolor coryi, Florida Panther
Planigale ingrami subtilissima,Endangered,Planigale,ingrami subtilissima, Little Planigale
Planigale tenuirostris,Endangered,Planigale,tenuirostris, Southern Planigale
Thomomys mazama pugetensis,Threatened,Thomomys,mazama pugetensis, Olympia Pocket Gopher
Thomomys mazama glacialis,Threatened,Thomomys,mazama glacialis, Roy Prairie Pocket Gopher
Thomomys mazama tumuli,Threatened,Thomomys,mazama tumuli, Tenino Pocket Gopher
Thomomys mazama yelmensis,Threatened,Thomomys,mazama yelmensis, Yelm Pocket Gopher
Chaetomys subspinosus,Endangered,Chaetomys,subspinosus, Thin-Spined Porcupine
Phocoena sinus,Endangered,Phocoena,sinus," Gulf Of California Harbor (Cochito, Vaquita) Porpoise"
Gymnobelideus leadbeateri,Endangered,Gymnobelideus,leadbeateri, Leadbeater'S Possum
Burramys parvus,Endangered,Burramys,parvus, Mountain Pygmy Possum
Wyulda squamicaudata,Endangered,Wyulda,squamicaudata, Scaly-Tailed Possum
Cynomys mexicanus,Endangered,Cynomys,mexicanus, Mexican Prairie Dog
Cynomys parvidens,Threatened,Cynomys,parvidens, Utah Prairie Dog
Antilocapra americana peninsularis,Endangered,Antilocapra,americana peninsularis, Peninsular Pronghorn
Antilocapra americana sonoriensis,Endangered,Antilocapra,americana sonoriensis, Sonoran Pronghorn
Antilocapra americana sonoriensis,XN,Antilocapra,americana sonoriensis, Sonoran Pronghorn
Pudu pudu,Endangered,Pudu,pudu,Pudu
Puma (=Felis) concolor (all subsp. except coryi ),T(S/A),Puma,(=Felis) concolor (all subsp. except coryi ),Puma (=mountain lion)
Puma (=Felis) concolor costaricensis,Endangered,Puma,(=Felis) concolor costaricensis, Costa Rican Puma
Setonix brachyurus,Endangered,Setonix,brachyurus,Quokka
Brachylagus idahoensis,Endangered,Brachylagus,idahoensis, Columbia Basin Pygmy [Columbia Basin Dps] Rabbit
Sylvilagus palustris hefneri,Endangered,Sylvilagus,palustris hefneri, Lower Keys Rabbit
Sylvilagus bachmani riparius,Endangered,Sylvilagus,bachmani riparius, Riparian Brush Rabbit
Pentalagus furnessi,Endangered,Pentalagus,furnessi, Ryukyu Rabbit
Romerolagus diazi,Endangered,Romerolagus,diazi, Volcano Rabbit
Xeromys myoides,Endangered,Xeromys,myoides, False Water Rat
Leporillus conditor,Endangered,Leporillus,conditor, Stick-Nest Rat
Bettongia penicillata,Endangered,Bettongia,penicillata, Brush-Tailed Rat-Kangaroo
Caloprymnus campestris,Endangered,Caloprymnus,campestris, Desert (=Plain) Rat-Kangaroo
Bettongia gaimardi,Endangered,Bettongia,gaimardi, Gaimard'S Rat-Kangaroo
Bettongia lesueur,Endangered,Bettongia,lesueur, Lesuer'S Rat-Kangaroo
Bettongia tropica,Endangered,Bettongia,tropica, Queensland Rat-Kangaroo
Diceros bicornis,Endangered,Diceros,bicornis, Black Rhinoceros
Rhinoceros unicornis,Endangered,Rhinoceros,unicornis, Great Indian Rhinoceros
Rhinoceros sondaicus,Endangered,Rhinoceros,sondaicus, Javan Rhinoceros
Ceratotherium simum cottoni,Endangered,Ceratotherium,simum cottoni, Northern White Rhinoceros
Ceratotherium simum simum,T(S/A),Ceratotherium,simum simum, Southern White Rhinoceros
Dicerorhinus sumatrensis,Endangered,Dicerorhinus,sumatrensis, Sumatran Rhinoceros
Oryzomys palustris natator,Endangered,Oryzomys,palustris natator,Rice rat [Lower FL Keys DPS]
Saiga tatarica mongolica,Endangered,Saiga,tatarica mongolica, Mongolian (Antelope) Saiga
Chiropotes satanas satanas,Endangered,Chiropotes,satanas satanas, Southern Bearded Saki
Chiropotes albinasus,Endangered,Chiropotes,albinasus, White-Nosed Saki
Eumetopias jubatus,Endangered,Eumetopias,jubatus, Steller [Western Dps] Sea Lion
Erignathus barbatus nauticus,Threatened,Erignathus,barbatus nauticus, Bearded [Beringia Dps] Seal
Erignathus barbatus nauticus,Threatened,Erignathus,barbatus nauticus, Bearded [Okhotsk Dps] Seal
Arctocephalus townsendi,Threatened,Arctocephalus,townsendi, Guadalupe Fur Seal
Neomonachus schauinslandi (=Monachus schauinslandi),Endangered,Neomonachus,schauinslandi (=Monachus schauinslandi), Hawaiian Monk Seal
Monachus monachus,Endangered,Monachus,monachus, Mediterranean Monk Seal
Phoca (=Pusa) hispida hispida,Threatened,Phoca,(=Pusa) hispida hispida, Ringed (Arctic Subspecies) Seal
Phoca (=Pusa) hispida botnica,Threatened,Phoca,(=Pusa) hispida botnica, Ringed (Baltic Subspecies) Seal
Phoca (=Pusa) hispida ladogensis,Endangered,Phoca,(=Pusa) hispida ladogensis, Ringed (Ladoga Subspecies) Seal
Phoca (=Pusa) hispida ochotensis,Threatened,Phoca,(=Pusa) hispida ochotensis, Ringed (Okhotsk Subspecies) Seal
Phoca hispida saimensis,Endangered,Phoca,hispida saimensis, Ringed (Saimaa Subspecies) Seal
Phoca largha,Threatened,Phoca,largha, Spotted [Southern Dps] Seal
Bos gaurus,Endangered,Bos,gaurus,Seledang
Naemorhedus (=Capricornis) sumatraensis,Endangered,Naemorhedus,(=Capricornis) sumatraensis,Serow
Leptailurus (=Felis) serval constantina,Endangered,Leptailurus,(=Felis) serval constantina, Barbary Serval
Ovis vignei vignei,Endangered,Ovis,vignei vignei,Shapo
Ovis canadensis nelsoni,Endangered,Ovis,canadensis nelsoni, Peninsular Bighorn [Peninsular Ca Dps] Sheep
Ovis canadensis sierrae,Endangered,Ovis,canadensis sierrae, Sierra Nevada Bighorn Sheep
Cervus elaphus wallichi,Endangered,Cervus,elaphus wallichi,Shou
Sorex ornatus relictus,Endangered,Sorex,ornatus relictus, Buena Vista Lake Shrew
Symphalangus syndactylus,Endangered,Symphalangus,syndactylus,Siamang
Propithecus spp.,Endangered,Propithecus,spp.,Sifakas
Bradypus torquatus,Endangered,Bradypus,torquatus, Brazilian Three-Toed Sloth
Solenodon cubanus,Endangered,Solenodon,cubanus, Cuban Solenodon
Solenodon paradoxus,Endangered,Solenodon,paradoxus, Haitian Solenodon
Glaucomys sabrinus coloratus,Endangered,Glaucomys,sabrinus coloratus, Carolina Northern Flying Squirrel
Tamiasciurus hudsonicus grahamensis,Endangered,Tamiasciurus,hudsonicus grahamensis, Mount Graham Red Squirrel
Spermophilus brunneus brunneus,Threatened,Spermophilus,brunneus brunneus, Northern Idaho Ground Squirrel
Cervus elaphus barbarus,Endangered,Cervus,elaphus barbarus, Barbary Stag
Cervus elaphus hanglu,Endangered,Cervus,elaphus hanglu, Kashmir Stag
Neotragus moschatus moschatus,Endangered,Neotragus,moschatus moschatus, Zanzibar Suni
Hemitragus jayakari,Endangered,Hemitragus,jayakari, Arabian Tahr
Bubalus mindorensis,Endangered,Bubalus,mindorensis,Tamaraw
Leontopithecus spp.,Endangered,Leontopithecus,spp., Golden-Rumped Tamarin
Saguinus bicolor,Endangered,Saguinus,bicolor, Pied Tamarin
Saguinus leucopus,Threatened,Saguinus,leucopus, White-Footed Tamarin
Tapirus indicus,Endangered,Tapirus,indicus, Asian Tapir
Tapirus bairdii,Endangered,Tapirus,bairdii, Central American Tapir
Tapirus pinchaque,Endangered,Tapirus,pinchaque, Mountain Tapir
Tapirus terrestris,Endangered,Tapirus,terrestris, South American (=Brazilian) Tapir
Tarsius syrichta,Threatened,Tarsius,syrichta, Philippine Tarsier
Panthera tigris,Endangered,Panthera,tigris,Tiger
Thylacinus cynocephalus,Endangered,Thylacinus,cynocephalus, Tasmanian Tiger
Cacajao spp.,Endangered,Cacajao,spp.,Uakari (all species)
Ovis musimon ophion,Endangered,Ovis,musimon ophion,Urial
Vicugna vicugna,Threatened,Vicugna,vicugna," Bolivia, Chile And Peru] Vicuna [Argentina"
Vicugna vicugna,Endangered,Vicugna,vicugna,Vicuna [Ecuador DPS]
Microtus californicus scirpensis,Endangered,Microtus,californicus scirpensis, Amargosa Vole
Microtus pennsylvanicus dukecampbelli,Endangered,Microtus,pennsylvanicus dukecampbelli, Florida Salt Marsh Vole
Lagostrophus fasciatus,Endangered,Lagostrophus,fasciatus, Banded Hare Wallaby
Onychogalea fraenata,Endangered,Onychogalea,fraenata, Brindled Nail-Tailed Wallaby
Onychogalea lunata,Endangered,Onychogalea,lunata, Crescent Nail-Tailed Wallaby
Macropus parma,Endangered,Macropus,parma, Parma Wallaby
Lagorchestes hirsutus,Endangered,Lagorchestes,hirsutus, Western Hare Wallaby
Petrogale xanthopus,Endangered,Petrogale,xanthopus, Yellow-Footed Rock Wallaby
Delphinapterus leucas,Endangered,Delphinapterus,leucas, Beluga [Cook Inlet Dps] Whale
Balaenoptera musculus,Endangered,Balaenoptera,musculus, Blue Whale
Balaena mysticetus,Endangered,Balaena,mysticetus, Bowhead Whale
Pseudorca crassidens,Endangered,Pseudorca,crassidens, False Killer [Main Hawaiian Islands Insular Dps] Whale
Balaenoptera physalus,Endangered,Balaenoptera,physalus, Finback Whale
Eschrichtius robustus,Endangered,Eschrichtius,robustus, Gray [Western North Pacific Dps] Whale
Megaptera novaeangliae,Endangered,Megaptera,novaeangliae, Humpback [Arabian Sea Dps] Whale
Megaptera novaeangliae,Endangered,Megaptera,novaeangliae, Humpback [Cape Verde Islands/Northwest Africa Dps] Whale
Megaptera novaeangliae,Endangered,Megaptera,novaeangliae, Humpback [Central America Dps] Whale
Megaptera novaeangliae,Threatened,Megaptera,novaeangliae, Humpback [Mexico Dps] Whale
Megaptera novaeangliae,Endangered,Megaptera,novaeangliae, Humpback [Western North Pacific Dps] Whale
Orcinus orca,Endangered,Orcinus,orca, Killer [Southern Resident Dps] Whale
Eubalaena glacialis,Endangered,Eubalaena,glacialis, North Atlantic Right Whale
Eubalaena japonica,Endangered,Eubalaena,japonica, North Pacific Right Whale
Balaenoptera borealis,Endangered,Balaenoptera,borealis, Sei Whale
Eubalaena australis,Endangered,Eubalaena,australis, Southern Right Whale
Physeter catodon (=macrocephalus),Endangered,Physeter,catodon (=macrocephalus), Sperm Whale
Canis lupus,Endangered,Canis,lupus, Gray Wolf
Canis lupus,Threatened,Canis,lupus, Gray [Mn Dps] Wolf
Chrysocyon brachyurus,Endangered,Chrysocyon,brachyurus, Maned Wolf
Canis lupus baileyi,Endangered,Canis,lupus baileyi, Mexican Wolf
Canis lupus baileyi,XN,Canis,lupus baileyi, Mexican Wolf
Canis rufus,Endangered,Canis,rufus, Red Wolf
Canis rufus,XN,Canis,rufus, Red Wolf
Lasiorhinus krefftii(formerly L. barnardi and L. gillespiei ),Endangered,Lasiorhinus,krefftii(formerly L. barnardi and L. gillespiei ), Queensland Hairy-Nosed (Incl. Barnard'S) Wombat
Neotoma floridana smalli,Endangered,Neotoma,floridana smalli, Key Largo Woodrat
Neotoma fuscipes riparia,Endangered,Neotoma,fuscipes riparia, Riparian (San Joaquin Valley) Woodrat
Bos mutus (=grunniens m.),Endangered,Bos,mutus (=grunniens m.), Wild Yak
Equus grevyi,Threatened,Equus,grevyi, Grevy'S Zebra
Equus zebra hartmannae,Threatened,Equus,zebra hartmannae, Hartmann'S Mountain Zebra
Equus zebra zebra,Endangered,Equus,zebra zebra, Mountain Zebra
